occ_code,ai_applicability,ai_applicability_pred,residual
11-1011,0.155502898114603,0.255245808487528,-0.09974291037292499
11-1021,0.1098432195788855,0.21862439779688286,-0.10878117821799736
11-2011,0.1885254605728116,0.2548727106081559,-0.06634725003534431
11-2021,0.189169815798872,0.26628425817249646,-0.07711444237362447
11-2022,0.1641752821433747,0.2554000911324398,-0.09122480898906507
11-2033,0.1430364545172935,0.2546084914977139,-0.11157203698042042
11-3012,0.087051420149971,0.17953220780618345,-0.09248078765621245
11-3013,0.061712782287566,0.15604209465989963,-0.09432931237233363
11-3021,0.1518935143886481,0.24157769967741705,-0.08968418528876895
11-3031,0.1488033543322555,0.2661789062270131,-0.11737555189475762
11-3051,0.120291104514479,0.19184976396292064,-0.07155865944844164
11-3061,0.1054953784861409,0.26701971418011217,-0.16152433569397126
11-3071,0.2052544480218617,0.23590539814582473,-0.030650950123963017
11-3111,0.1413063122763342,0.2690330443126203,-0.12772673203628612
11-3121,0.1370417874755325,0.251325442539617,-0.11428365506408453
11-3131,0.1929281337086295,0.2580729002674832,-0.0651447665588537
11-9013,0.0760415998206166,0.12104710939163096,-0.04500550957101436
11-9021,0.1450059596749093,0.16336518101016992,-0.018359221335260606
11-9031,0.1250853144025206,0.18289856632167556,-0.05781325191915496
11-9032,0.1354808218950337,0.21966331709545817,-0.08418249520042448
11-9033,0.0963499956506892,0.25077307784356895,-0.15442308219287976
11-9041,0.1633904362843628,0.2184059170558447,-0.055015480771481884
11-9051,0.0910198233667274,0.1239208948709081,-0.0329010715041807
11-9071,0.1853735682141986,0.20118833541551714,-0.015814767201318553
11-9072,0.2533459109310163,0.1785990570590259,0.07474685387199043
11-9081,0.18340282980745,0.19067508986084727,-0.0072722600533972614
11-9111,0.1632890896536952,0.24324343705424067,-0.07995434740054547
11-9121,0.1124388172316094,0.24007974448887795,-0.12764092725726855
11-9131,0.109145181347645,0.21693675383540154,-0.10779157248775653
11-9141,0.1393378763368064,0.23610653939957343,-0.09676866306276705
11-9151,0.1558151951411868,0.22734936021393365,-0.07153416507274685
11-9161,0.1981796325021372,0.1927664189507528,0.005413213551384383
11-9171,0.1661957666237465,0.17273934216687167,-0.00654357554312518
11-9179,0.1462881503266213,0.17477736108013908,-0.02848921075351779
11-9199,0.145778869882199,0.21912738510179328,-0.07334851521959426
13-1011,0.2688759857688543,0.23957121235847734,0.02930477341037696
13-1031,0.2070534121617936,0.25256126165035314,-0.04550784948855954
13-1032,0.2717524685827721,0.19522261830019064,0.07652985028258144
13-1041,0.1991136866828754,0.21535029566893507,-0.016236608986059664
13-1051,0.2547360531717686,0.26760575256720043,-0.01286969939543181
13-1071,0.200716339295252,0.2502688562095089,-0.04955251691425688
13-1074,0.0404971901425207,0.17360123118033016,-0.13310404103780946
13-1075,0.0672593120023154,0.24283473110236997,-0.17557541910005459
13-1081,0.1623173857191718,0.25842759314760927,-0.09611020742843748
13-1111,0.3528923037864668,0.2633379980033227,0.0895543057831441
13-1121,0.1465079327379848,0.17070581665014956,-0.024197883912164764
13-1131,0.1225011548080756,0.2585400666842965,-0.1360389118762209
13-1141,0.1671532331445428,0.24686987166630225,-0.07971663852175945
13-1151,0.241747642458221,0.24291907097132936,-0.0011714285131083635
13-1161,0.3497337016289346,0.2832423222315137,0.06649137939742089
13-1199,0.2185212616558617,0.2501790718625261,-0.03165781020666439
13-2011,0.1945955951093146,0.2745410769557546,-0.07994548184643999
13-2031,0.2340858486198604,0.2606394587004695,-0.026553610080609108
13-2041,0.1616323362699462,0.2550429387470625,-0.09341060247711633
13-2052,0.3552253488700088,0.2697801950548674,0.0854451538151414
13-2053,0.1609551764612808,0.2552773892261671,-0.09432221276488631
13-2061,0.139213205327712,0.260541171343927,-0.12132796601621501
13-2071,0.2885017178636657,0.2536786827057984,0.03482303515786728
13-2072,0.2470758453421993,0.24690002985929999,0.00017581548289932747
13-2081,0.3399250265932537,0.23544287548054607,0.10448215111270762
13-2082,0.3116015023266654,0.2539303654124888,0.05767113691417658
13-2099,0.2458433192127292,0.2689021413536147,-0.023058822140885477
15-1211,0.3126242495751441,0.23715071173649227,0.07547353783865185
15-1212,0.2219611271797774,0.24595246626063702,-0.023991339080859625
15-1221,0.1692589723694258,0.2402301059804801,-0.07097113361105431
15-1231,0.3021365326556254,0.2074157450010332,0.09472078765459219
15-1232,0.3338895909418416,0.19586152990731576,0.13802806103452586
15-1241,0.2519702133697844,0.21592859742446455,0.03604161594531988
15-1242,0.2973959596735356,0.2629723517471606,0.034423607926375
15-1243,0.3119656545554473,0.2847986117740776,0.027167042781369666
15-1244,0.2525255513865505,0.20985465576817036,0.04267089561838011
15-1251,0.3100317881564861,0.2583510057425908,0.05168078241389529
15-1252,0.2781568192011152,0.275600634303409,0.002556184897706204
15-1253,0.3277339225342325,0.2710614983082299,0.056672424226002605
15-1254,0.3531275801205572,0.2612820939721987,0.09184548614835852
15-1255,0.2940247387286297,0.26756912232794905,0.02645561640068067
15-1299,0.2977858491030317,0.2478222316066471,0.04996361749638459
15-2011,0.1581477988708334,0.29035929362968504,-0.13221149475885163
15-2021,0.3861702756791553,0.2878306660765185,0.09833960960263677
15-2031,0.3074955646855726,0.28418813287213884,0.023307431813433754
15-2041,0.3150171176175566,0.2834251495243275,0.03159196809322906
15-2051,0.3571632760219043,0.2884454566817374,0.06871781934016691
15-2099,0.3358430178265916,0.2766798211022922,0.05916319672429937
17-1011,0.1749167204278361,0.23953805987789828,-0.06462133945006218
17-1012,0.2184226276770571,0.22150645875383462,-0.00308383107677751
17-1021,0.1761280646528152,0.21778304893020414,-0.04165498427738895
17-1022,0.1494764065063448,0.1746682180368839,-0.025191811530539093
17-2011,0.1955306356404219,0.266704161952444,-0.07117352631202212
17-2021,0.1527920619424727,0.21452702627647413,-0.06173496433400144
17-2031,0.2982329801834177,0.22309867090928287,0.07513430927413484
17-2041,0.1718972538907844,0.26107213461476697,-0.08917488072398258
17-2051,0.2053823863919811,0.26203992312968066,-0.056657536737699576
17-2061,0.3147974661693407,0.2352185931512291,0.07957887301811159
17-2071,0.1101683401095347,0.23022798611848844,-0.12005964600895373
17-2072,0.273936294540746,0.2124000750310584,0.06153621950968757
17-2081,0.2082842689802057,0.24239023335421347,-0.034105964374007786
17-2111,0.2398232764644405,0.2416129705131597,-0.0017896940487192037
17-2112,0.2532982187319553,0.23168160933844306,0.02161660939351223
17-2121,0.1999323115568476,0.19028650490519072,0.009645806651656874
17-2131,0.1794321348157053,0.21904839351533328,-0.03961625869962798
17-2141,0.2572665021650294,0.23163062406491186,0.025635878100117526
17-2151,0.2250167008010288,0.26760478869484067,-0.042588087893811855
17-2161,0.2094834120659253,0.24766605195599195,-0.03818263989006665
17-2171,0.2003085701939542,0.2746751086284515,-0.07436653843449731
17-2199,0.2112771065743973,0.21964610470174306,-0.008368998127345761
17-3011,0.2220527138174632,0.23883616089299972,-0.01678344707553653
17-3012,0.3084121121295002,0.23389144301922438,0.07452066911027583
17-3013,0.1728369642039824,0.23842394137711137,-0.06558697717312897
17-3021,0.2278043882150891,0.18141447895337445,0.04638990926171466
17-3022,0.1994199273749053,0.2362913442203466,-0.03687141684544129
17-3023,0.2028011946138097,0.1651294394152904,0.037671755198519286
17-3024,0.168215479624192,0.11101187186044216,0.057203607763749845
17-3025,0.1801749677294792,0.17184560892440273,0.008329358805076459
17-3026,0.1735836614814662,0.16821366549951902,0.005369995981947179
17-3027,0.2250875108431268,0.14369925099159786,0.08138825985152895
17-3029,0.2041905272004177,0.14911899286745017,0.05507153433296752
17-3031,0.2176363967947537,0.20380659841753448,0.013829798377219205
19-1011,0.2619530527740787,0.2256372484377563,0.03631580433632242
19-1012,0.2590045143638015,0.18785235674750742,0.07115215761629409
19-1013,0.1821411092923175,0.19960480319469126,-0.01746369390237376
19-1021,0.2514789498016125,0.2025352147498843,0.04894373505172819
19-1022,0.1765288942157244,0.19565769427527532,-0.01912880005955092
19-1023,0.2120415547333891,0.2024014644334293,0.009640090299959797
19-1029,0.2403715887208747,0.2248019892604209,0.015569599460453803
19-1031,0.1552662748966702,0.1740472000474618,-0.018780925150791605
19-1032,0.0696332015213444,0.1573240450556403,-0.08769084353429589
19-1041,0.1770902032972764,0.2636369400441537,-0.08654673674687732
19-1042,0.1923521401204992,0.2292799062905429,-0.0369277661700437
19-2011,0.2810275603968572,0.2570297140307471,0.02399784636611013
19-2012,0.2345505725076676,0.2662633134865451,-0.031712740978877496
19-2021,0.3214338446559302,0.26698128827654755,0.05445255637938268
19-2031,0.2375148330185006,0.17332875766134562,0.06418607535715498
19-2032,0.2454798898238364,0.2331401255641511,0.012339764259685304
19-2041,0.1719299715793221,0.25292727142083143,-0.08099729984150933
19-2042,0.1737381990136186,0.21686840684110448,-0.04313020782748589
19-2043,0.180480111948228,0.20602376336415396,-0.02554365141592596
19-2099,0.1699525234715482,0.24263647669184477,-0.07268395322029655
19-3011,0.3277389094051159,0.2881460618093278,0.03959284759578813
19-3022,0.131145421970983,0.2781555353405373,-0.14701011336955427
19-3032,0.2574277995504501,0.2850143608746214,-0.02758656132417131
19-3033,0.2113936548970953,0.2431220519303918,-0.031728397033296496
19-3034,0.2227325440563945,0.2444104705498984,-0.02167792649350389
19-3039,0.1943893168862805,0.2231415202884624,-0.028752203402181903
19-3041,0.2862931919168603,0.2722563812725758,0.014036810644284525
19-3051,0.3298075491547521,0.26049348188023164,0.06931406727452044
19-3091,0.1981721201395909,0.21629692978066795,-0.018124809641077044
19-3092,0.3524044287682956,0.25554640643896837,0.09685802232932722
19-3093,0.4621263354351804,0.23962523015582923,0.22250110527935116
19-3094,0.3910323240387942,0.26104769727485594,0.12998462676393824
19-3099,0.3293075794929735,0.2696045657974143,0.05970301369555919
19-4012,0.1274189339536194,0.1343879832975854,-0.0069690493439659995
19-4013,0.0931044376130429,0.1864327069432283,-0.0933282693301854
19-4021,0.091298716107831,0.18005745301551915,-0.08875873690768815
19-4031,0.1397871985751076,0.1499207138250339,-0.010133515249926311
19-4042,0.1541341635503119,0.16251594674723946,-0.008381783196927561
19-4043,0.1266905853753022,0.17646286316085052,-0.049772277785548324
19-4051,0.1508247105425261,0.1522418083079009,-0.0014170977653747974
19-4061,0.2043513220531972,0.2767027704882627,-0.0723514484350655
19-4071,0.0316877713723587,0.11613530516946732,-0.08444753379710862
19-4092,0.1811997493555561,0.14456708671157456,0.036632662643981545
19-4099,0.1635339340419852,0.20673543458433416,-0.04320150054234895
19-5011,0.1459572147223505,0.19225752390533565,-0.046300309182985167
19-5012,0.0988717854820621,0.20146724770576785,-0.10259546222370575
21-1012,0.3250921100448616,0.2529578446351206,0.072134265409741
21-1013,0.2307794681928614,0.23812179937258687,-0.007342331179725464
21-1015,0.2322941019139237,0.22141921289227112,0.010874889021652567
21-1021,0.333667807079663,0.21670094167800164,0.11696686540166135
21-1022,0.1887338676680111,0.21546174781985683,-0.02672788015184574
21-1023,0.1456733222083868,0.2314369964574435,-0.0857636742490567
21-1091,0.1659842481483709,0.1911783918765242,-0.02519414372815329
21-1092,0.288475143716106,0.193750408046963,0.094724735669143
21-1093,0.2554444336226663,0.21063182022975743,0.044812613392908845
21-1094,0.2967326836058023,0.16510297028849094,0.13162971331731135
21-2011,0.2799707541904029,0.22466663325682176,0.05530412093358114
21-2021,0.2183334679855503,0.22922989484310885,-0.010896426857558539
23-1011,0.1802546459451798,0.2382822187041526,-0.0580275727589728
23-1012,0.0738564995251544,0.26225507406743015,-0.18839857454227577
23-1021,0.1404858462431817,0.23015115706163158,-0.08966531081844989
23-1022,0.1115926302329555,0.24370816440166002,-0.13211553416870453
23-1023,0.0763290633174109,0.24598142889179392,-0.169652365574383
23-2011,0.0571226791211703,0.2494379201546682,-0.1923152410334979
23-2093,0.0674106197208489,0.2285799174060893,-0.1611692976852404
25-1011,0.3670116640285393,0.25654506416412914,0.11046659986441015
25-1021,0.3302953145053312,0.255720784114974,0.07457453039035716
25-1022,0.2964077976368882,0.2579022927422496,0.03850550489463861
25-1031,0.3287433475625998,0.24279262668267754,0.08595072087992228
25-1032,0.3309591695489919,0.2541377577407745,0.07682141180821739
25-1041,0.3307079138803792,0.1915538052164084,0.13915410866397077
25-1042,0.2669757716127077,0.23233733115712218,0.034638440455585506
25-1043,0.3234309373558784,0.23352674204543267,0.08990419531044574
25-1051,0.2970806826079192,0.24563201673321378,0.051448665874705424
25-1052,0.2498892436038045,0.24615354012381316,0.0037357034799913313
25-1053,0.3051986959733845,0.22731278410582567,0.07788591186755883
25-1054,0.3062445114667975,0.21623199813564936,0.09001251333114813
25-1061,0.3233716944436661,0.2230122135370643,0.1003594809066018
25-1062,0.3313190806789059,0.26639217268570975,0.06492690799319617
25-1063,0.3490992432037861,0.2659048216563489,0.08319442154743723
25-1064,0.3215928897483308,0.27088827117040803,0.050704618577922744
25-1065,0.3393778051760122,0.2548089219558093,0.0845688832202029
25-1066,0.3097842042208806,0.25927020037453313,0.050514003846347466
25-1067,0.3270457233546691,0.26397524683585016,0.06307047651881892
25-1071,0.3148217474973832,0.18661285753600035,0.12820888996138283
25-1072,0.296143740655948,0.1981769851298459,0.0979667555261021
25-1081,0.3297197587906338,0.24338420092686208,0.08633555786377173
25-1082,0.3408541762308504,0.2702915030371439,0.07056267319370652
25-1111,0.3337128843085055,0.2484440694633187,0.08526881484518678
25-1112,0.325553108575961,0.2610032142185434,0.06454989435741759
25-1113,0.3257343802084443,0.2639269484716694,0.06180743173677489
25-1121,0.3251805121202225,0.1811000048126018,0.14408050730762068
25-1122,0.3171642565607058,0.25247680992386845,0.06468744663683734
25-1123,0.3304457925328315,0.2472955523558848,0.08315024017694672
25-1124,0.3334252112561148,0.2730246372340635,0.06040057402205129
25-1125,0.3323866705227311,0.2467798310307316,0.08560683949199949
25-1126,0.3382012154426334,0.25837428044061334,0.07982693500202004
25-1192,0.3218966482964592,0.24343709475313702,0.07845955354332218
25-1193,0.322142668485851,0.2161808412164006,0.10596182726945039
25-1194,0.1863315606152506,0.1400161599196792,0.04631540069557141
25-2011,0.1588004303609343,0.15673859651912042,0.0020618338418138815
25-2012,0.1987051961706306,0.18023478424083075,0.01847041192979984
25-2021,0.1887956769334502,0.21474806365834886,-0.025952386724898663
25-2022,0.1766463700064311,0.21166153340503716,-0.03501516339860605
25-2023,0.179955978495696,0.19946144615742256,-0.01950546766172656
25-2031,0.1763900570139484,0.21769709486860078,-0.041307037854652395
25-2032,0.1802530046933172,0.14992277788432654,0.030330226808990668
25-2051,0.1726399482829425,0.18806509791768375,-0.015425149634741259
25-2057,0.1665787511103967,0.2112745216055827,-0.044695770495186
25-2058,0.1982418411087659,0.2134051716609245,-0.0151633305521586
25-2059,0.1945860749198728,0.12284319259248805,0.07174288232738474
25-3011,0.1704823680824817,0.2379148891523452,-0.0674325210698635
25-3021,0.2048326904141578,0.18503812222193974,0.01979456819221806
25-3031,0.2290971387580143,0.20570550796018106,0.02339163079783324
25-3041,0.2916389768735238,0.22245859477180624,0.06918038210171756
25-4011,0.2759823519997492,0.1988594741301263,0.07712287786962288
25-4012,0.2480534556113144,0.19060375060383752,0.05744970500747687
25-4013,0.1925996161524171,0.12775209812060798,0.06484751803180913
25-4022,0.2542992331996265,0.220740897042853,0.033558336156773505
25-4031,0.2560661085136595,0.17986504024705802,0.0762010682666015
25-9021,0.3244137233984866,0.20338131523275432,0.1210324081657323
25-9031,0.3137530525869644,0.24365210597115805,0.07010094661580635
25-9044,0.2147514578520986,0.2499136959888404,-0.0351622381367418
27-1011,0.2428190160732439,0.23197368118632317,0.010845334886920743
27-1012,0.1980417886036153,0.10987002857900269,0.0881717600246126
27-1013,0.1826591340845306,0.1552405095143662,0.027418624570164418
27-1014,0.1313807166198247,0.2370060690817282,-0.1056253524619035
27-1021,0.2089608945352287,0.23431779626256755,-0.025356901727338843
27-1022,0.2709395823849275,0.19123728010539132,0.07970230227953617
27-1023,0.1701865623370429,0.146884648580507,0.023301913756535897
27-1024,0.2282001473941018,0.23745852141432816,-0.009258374020226362
27-1025,0.2066579487388623,0.2505844105841779,-0.043926461845315595
27-1026,0.1689491875754182,0.11873859518313519,0.050210592392283024
27-1027,0.2402709112473996,0.2040885953861294,0.036182315861270214
27-2011,0.1308745576876522,0.15265800898392068,-0.02178345129626849
27-2012,0.1673518655593104,0.21298930016203976,-0.04563743460272937
27-2021,0.2217035194562356,0.08345417690552594,0.13824934255070964
27-2022,0.1694471600495868,0.1530872765833088,0.01635988346627798
27-2023,0.0870710452495893,0.17221191396375368,-0.08514086871416439
27-2031,0.0884099669292513,0.10797991877729922,-0.019569951848047926
27-2032,0.1573667369593798,0.13109940007268864,0.026267336886691167
27-2041,0.1365966167965151,0.1927868517866138,-0.0561902349900987
27-2042,0.0849620830805815,0.1433838162898105,-0.05842173320922901
27-3011,0.4092803575369506,0.19214902492036287,0.2171313326165877
27-3023,0.3826814614615561,0.21179179484177163,0.1708896666197845
27-3031,0.3652853004130527,0.2525633991548974,0.11272190125815529
27-3041,0.3674755296093486,0.23925514681524146,0.12822038279410714
27-3042,0.3729769869991587,0.23631170288683723,0.13666528411232148
27-3043,0.4543481790911307,0.23943355853298726,0.21491462055814342
27-3091,0.4921989654086071,0.19547095231543649,0.2967280130931706
27-3092,0.2022046764211565,0.19788799212722694,0.004316684293929562
27-4011,0.1719186796565603,0.158108191136098,0.013810488520462294
27-4012,0.1402298407132763,0.15066945703759121,-0.010439616324314921
27-4014,0.0723809728818108,0.18011971032047291,-0.10773873743866211
27-4021,0.2462594665201454,0.1703734602200447,0.0758860063001007
27-4031,0.2049616402593088,0.1231624066320708,0.081799233627238
27-4032,0.1157719194785119,0.21634727889646366,-0.10057535941795176
29-1011,0.1112686242547227,0.13562584921531642,-0.024357224960593726
29-1021,0.0456220503390534,0.11462944132029491,-0.0690073909812415
29-1022,0.0260618893069441,0.11359311261341379,-0.08753122330646969
29-1023,0.1794847679226294,0.15528202296739457,0.024202744955234834
29-1024,0.0151204449508008,0.12350126034081092,-0.10838081539001013
29-1031,0.2212822553688573,0.2503492878494793,-0.029067032480622007
29-1041,0.0663425571139364,0.18537290291430822,-0.11903034580037182
29-1051,0.2783170865260939,0.17601563493654382,0.10230145158955006
29-1071,0.0510917663480985,0.14561673108193363,-0.09452496473383512
29-1081,0.1440694525880412,0.18583847922078828,-0.041769026632747064
29-1122,0.1062921781247961,0.17124122408803283,-0.06494904596323672
29-1123,0.1722295163221381,0.12883614469850574,0.043393371623632354
29-1124,0.0879663415032409,0.12535634001854873,-0.03738999851530783
29-1125,0.0652482413518161,0.15288523648779595,-0.08763699513597985
29-1126,0.0544069346482636,0.12506302959873244,-0.07065609495046885
29-1127,0.1379024367241895,0.2242234846516502,-0.0863210479274607
29-1128,0.1227380581592757,0.16907207073360137,-0.046334012574325664
29-1129,0.0969444301420626,0.16653364811534377,-0.06958921797328117
29-1131,0.1554157827156154,0.15267203106682628,0.0027437516487891223
29-1141,0.1217848879879193,0.1688814595137516,-0.04709657152583231
29-1151,0.0751282866987558,0.12056671139185224,-0.04543842469309643
29-1161,0.1252282718771852,0.152920824777639,-0.027692552900453804
29-1171,0.1426939133666566,0.17513266286075052,-0.03243874949409392
29-1181,0.1486045121320545,0.1733322112951121,-0.024727699163057587
29-1211,0.0363665957841402,0.12952880352406063,-0.09316220773992043
29-1213,0.113449798018526,0.19600221398183998,-0.08255241596331397
29-1214,0.0766430563615361,0.16612571948352128,-0.08948266312198519
29-1215,0.165352739021983,0.2038267225091511,-0.0384739834871681
29-1216,0.1628626434672361,0.19125085493423005,-0.02838821146699394
29-1217,0.1286642336585428,0.2172863652377112,-0.0886221315791684
29-1218,0.1561006783558151,0.14769630336857567,0.008404374987239421
29-1221,0.1449088236855398,0.18565203754794254,-0.04074321386240273
29-1222,0.1235263245454821,0.20626227136235642,-0.08273594681687432
29-1223,0.1668002625513496,0.21404821010877823,-0.047247947557428616
29-1224,0.1415794642149896,0.16226934332876944,-0.02068987911377984
29-1229,0.1128071233148566,0.18805072751391586,-0.07524360419905926
29-1241,0.0884228450918208,0.1444667464933582,-0.056043901401537394
29-1291,0.055361517286983,0.1487891372402631,-0.09342761995328011
29-1292,0.0574836696575682,0.10852467578123065,-0.05104100612366245
29-1299,0.1335644121866513,0.20033643582916438,-0.06677202364251308
29-2031,0.089016734039033,0.13260710512662743,-0.043590371087594434
29-2032,0.0748058408340331,0.1206291776899167,-0.04582333685588359
29-2033,0.087133475008051,0.15452442580321368,-0.06739095079516268
29-2034,0.103396477620889,0.13824683685743439,-0.03485035923654539
29-2035,0.078909161718175,0.14276721670398082,-0.06385805498580582
29-2036,0.1640258450711516,0.2276170238223338,-0.06359117875118223
29-2051,0.1247503803827002,0.14273641321447272,-0.017986032831772525
29-2052,0.1927314430395932,0.164311488864136,0.0284199541754572
29-2053,0.0623078443703132,0.15962312560895553,-0.09731528123864233
29-2055,0.0293140663787733,0.07750855984506709,-0.048194493466293786
29-2056,0.0701948051305758,0.09083707221052223,-0.02064226707994643
29-2057,0.0070841708786574,0.1506891916953331,-0.1436050208166757
29-2061,0.0341220110084765,0.1265205180006389,-0.0923985069921624
29-2081,0.1360739884386869,0.163397834550706,-0.0273238461120191
29-2091,0.0507217166893116,0.15036390899294394,-0.09964219230363233
29-2092,0.0953835250673851,0.16078293805478874,-0.06539941298740365
29-2099,0.0965478860317066,0.17067059011097876,-0.07412270407927217
29-9091,0.1106822055571351,0.1300123853483642,-0.019330179791229113
29-9092,0.3112487327282943,0.25252204240970405,0.058726690318590236
29-9093,0.0117987049728772,0.07777638552583793,-0.06597768055296073
29-9099,0.1394692388633905,0.14447575448901992,-0.005006515625629426
31-1131,0.0286584578634155,0.11786263267063968,-0.08920417480722417
31-1132,0.0,0.0924246969322088,-0.0924246969322088
31-1133,0.0675923872270869,0.13593604577970092,-0.06834365855261403
31-2011,0.0863872331542789,0.12697082626287295,-0.04058359310859405
31-2012,0.0463403751626936,0.10212339311680066,-0.05578301795410706
31-2021,0.0435891406733917,0.11714199534314407,-0.07355285466975237
31-2022,0.0376243689544937,0.13929157509039664,-0.10166720613590294
31-9011,0.0118943161548162,0.09452222417244735,-0.08262790801763115
31-9091,0.0553854108929098,0.14212005532873,-0.08673464443582021
31-9092,0.0693668425309035,0.15571666349098406,-0.08634982096008056
31-9093,0.0210473584131197,0.0902836757829944,-0.0692363173698747
31-9094,0.08437182388197,0.2158165546619138,-0.13144473077994379
31-9095,0.0890014480956678,0.16899504757892114,-0.07999359948325334
31-9096,0.0344974365356819,0.10752946027924151,-0.0730320237435596
31-9097,0.0222731761193863,0.1419867860468186,-0.11971360992743231
31-9099,0.053861656343154,0.1505385945157278,-0.09667693817257379
33-1011,0.1237531457636563,0.14606970355149435,-0.022316557787838046
33-1012,0.0826879736536491,0.13117268822874054,-0.04848471457509143
33-1021,0.0088147341874383,0.07355562052945436,-0.06474088634201605
33-1091,0.0838811712986322,0.16020502736899217,-0.07632385607035996
33-2011,0.0704000620729872,0.046083346191503116,0.024316715881484083
33-2021,0.1128806631010913,0.16270009382138242,-0.04981943072029113
33-2022,0.0487207059837508,0.11686574713243436,-0.06814504114868355
33-3011,0.2091533830588072,0.1448342278656323,0.06431915519317491
33-3012,0.1077570256669502,0.11689348389169286,-0.009136458224742669
33-3021,0.1454797876304932,0.1950123037579083,-0.04953251612741508
33-3031,0.1251313253445598,0.11948908182594514,0.00564224351861467
33-3041,0.1531256945525484,0.11249514601815934,0.04063054853438906
33-3051,0.1434087606474466,0.15079539183316315,-0.007386631185716558
33-3052,0.0855407152465839,0.12038648581178071,-0.03484577056519682
33-9011,0.2034714370385781,0.11785508593105955,0.08561635110751854
33-9021,0.1718569559844421,0.213812475724607,-0.0419555197401649
33-9031,0.1564933370741734,0.20825166364308098,-0.05175832656890758
33-9032,0.1390132209328652,0.14291656994711427,-0.0039033490142490745
33-9091,0.1887432964779515,0.1482193548094961,0.04052394166845538
33-9092,0.0336163494346046,0.11491245401195313,-0.08129610457734854
33-9093,0.2114124464404239,0.10175596716214654,0.10965647927827736
33-9099,0.0505188781623748,0.17973454200622474,-0.12921566384384994
35-1011,0.1512295711047082,0.11377149681833804,0.03745807428637016
35-1012,0.1166910255111823,0.117751715463809,-0.0010606899526267033
35-2011,0.191127576141082,0.14686959463833596,0.04425798150274604
35-2012,0.0720416094465652,0.12468959568389049,-0.05264798623732529
35-2013,0.26035524768488,0.13321846180119837,0.12713678588368163
35-2014,0.1724963430982846,0.1321698786091654,0.040326464489119196
35-2015,0.1418831816531557,0.14026518284648368,0.0016179988066720163
35-2021,0.136828593947226,0.13267989251669524,0.004148701430530755
35-3011,0.1783491644247739,0.12095211866285345,0.05739704576192044
35-3023,0.1637873445307487,0.1292949176062743,0.034492426924474406
35-3031,0.2610670032140441,0.11702211234143779,0.1440448908726063
35-3041,0.1174229918560331,0.13532882436051463,-0.017905832504481536
35-9011,0.0611606150817207,0.11678229438785794,-0.055621679306137234
35-9021,0.0175904877428979,0.10330372721323458,-0.08571323947033668
35-9031,0.3049908903590614,0.1458818226856625,0.1591090676733989
37-1011,0.1581050184879343,0.10751888191896025,0.05058613656897404
37-1012,0.1143346725115156,0.0860778056609699,0.02825686685054571
37-2011,0.1075530727664869,0.09579143612912436,0.011761636637362544
37-2012,0.0081162949815227,0.11437669087807663,-0.10626039589655392
37-2021,0.1151605469666609,0.0954037457212303,0.01975680124543061
37-3011,0.0427478188261251,0.07770469576698968,-0.034956876940864585
37-3012,0.0821003836950488,0.076714113670821,0.005386270024227799
37-3013,0.0300778376852511,0.04562204283526765,-0.01554420515001655
39-1013,0.2595399249835038,0.16882433849928127,0.09071558648422254
39-1022,0.2908214437001996,0.18122674968641334,0.10959469401378624
39-2011,0.0576717174456,0.12181612534133206,-0.06414440789573206
39-2021,0.2493175530767327,0.12014444927770276,0.12917310379902994
39-3011,0.2852187339282571,0.14472047648421082,0.14049825744404626
39-3012,0.2486500447361888,0.1613784735856053,0.08727157115058348
39-3021,0.0520934368013022,0.14158299876765507,-0.08948956196635287
39-3031,0.2210650756750041,0.15578235577176427,0.06528271990323983
39-3091,0.2874185553152174,0.15167266675185687,0.13574588856336056
39-3092,0.1003453439790061,0.13475936985734796,-0.03441402587834186
39-3093,0.1805889563685232,0.1509616610936633,0.02962729527485991
39-4011,0.0258295435404326,0.11470793165795015,-0.08887838811751755
39-4021,0.1811041006027866,0.13535556085138833,0.045748539751398254
39-4031,0.10979646883354,0.13089246709920804,-0.021095998265668048
39-5011,0.0947994129225134,0.08124319062475044,0.01355622229776296
39-5012,0.0687210026565351,0.10564901415801956,-0.03692801150148446
39-5091,0.1329749910361909,0.12557120741046024,0.007403783625730659
39-5092,0.0372469505461381,0.16639038787289873,-0.12914343732676062
39-5093,0.091749238926348,0.13320161802779718,-0.04145237910144918
39-5094,0.0835372854761959,0.1387019518979084,-0.0551646664217125
39-6011,0.1955974972580194,0.08499748321622369,0.1106000140417957
39-6012,0.3719693167084712,0.2073778388481058,0.16459147786036543
39-9011,0.1603879086287594,0.13822442576949528,0.022163482859264116
39-9031,0.1153807119660138,0.10186278654617617,0.013517925419837623
39-9032,0.1900778593423698,0.160861382894586,0.029216476447783774
39-9041,0.1441692007967609,0.1794403109371201,-0.03527111014035919
41-1011,0.1300948369812961,0.17478631812821682,-0.04469148114692073
41-1012,0.1694501446418543,0.21799134160536007,-0.048541196963505784
41-2011,0.2978434241004641,0.15885626369197767,0.13898716040848644
41-2012,0.1430783629639135,0.12977209885295587,0.013306264110957616
41-2021,0.3437905899053236,0.16340782955532343,0.18038276035000014
41-2022,0.2436937427606356,0.13730906347612293,0.10638467928451267
41-2031,0.2986912070385346,0.16651208684698973,0.13217912019154485
41-3011,0.3529731324010231,0.2521276997703636,0.10084543263065954
41-3021,0.2277630870353979,0.25332228013330116,-0.02555919309790325
41-3031,0.2318186067338622,0.2726120446760738,-0.0407934379422116
41-3041,0.2369025108689104,0.23934698041438657,-0.002444469545476169
41-4011,0.3134713144823269,0.23920540792900288,0.07426590655332402
41-4012,0.3048737548708499,0.19525299608758467,0.10962075878326522
41-9011,0.308970799548326,0.15049593288152607,0.15847486666679994
41-9012,0.3374697210128832,0.1698214095958348,0.1676483114170484
41-9021,0.2494334637491984,0.23801899338146415,0.011414470367734242
41-9022,0.2648488088373686,0.21732242172862098,0.047526387108747625
41-9031,0.2969975710894167,0.24778933537771403,0.049208235711702686
41-9041,0.4044798809856477,0.2139977268593857,0.190482154126262
41-9091,0.256586305574647,0.21833016655739731,0.038256139017249696
43-1011,0.2454826825805608,0.21612360872776198,0.029359073852798817
43-2011,0.2978716680704528,0.214650651282856,0.0832210167875968
43-2021,0.3421045851367955,0.20506075767295526,0.13704382746384022
43-3011,0.2331840213670421,0.2285741255585717,0.0046098958084704045
43-3021,0.222905543026863,0.24351776547199278,-0.02061222244512978
43-3031,0.2441173301557708,0.2247124559283341,0.019404874227436697
43-3041,0.2183030749594358,0.1657578015522762,0.05254527340715959
43-3051,0.2183186090291358,0.2430729942681411,-0.024754385239005305
43-3061,0.2564595585017837,0.22143751865449257,0.03502203984729113
43-3071,0.2497612696773038,0.17441494676756145,0.07534632290974236
43-4011,0.3497407825185754,0.24082762835406504,0.10891315416451033
43-4021,0.2845523532569407,0.24040583525029152,0.044146518006649205
43-4031,0.2478915932072988,0.22306695337890334,0.024824639828395473
43-4041,0.1848449246781628,0.2477270926669145,-0.06288216798875171
43-4051,0.4078036834419938,0.21638750003838925,0.19141618340360456
43-4061,0.2832000787809853,0.23522435821569726,0.04797572056528804
43-4071,0.2504578556174716,0.18644667086517996,0.06401118475229162
43-4081,0.2356340939682361,0.21293803284212315,0.022696061126112943
43-4111,0.2324415854088372,0.22241520889786787,0.010026376510969326
43-4121,0.1495354908733903,0.1849542485291785,-0.0354187576557882
43-4131,0.2830210248927774,0.24909375498540592,0.03392726990737149
43-4141,0.3056929221798717,0.20729680861076907,0.09839611356910263
43-4151,0.3206905966634039,0.2030976734745982,0.11759292318880568
43-4161,0.2170293653980745,0.2534687859281414,-0.036439420530066935
43-4171,0.2405946287282074,0.21055658591799736,0.030038042810210025
43-4181,0.3312201787699775,0.1819290519695687,0.1492911268004088
43-5011,0.20960369730561,0.1707959283283996,0.03880776897721039
43-5021,0.1254205354195634,0.11736203886069475,0.008058496558868658
43-5031,0.3459271759254976,0.2041796670204411,0.1417475089050565
43-5032,0.231692468481951,0.21431299489663413,0.017379473585316857
43-5041,0.23020085410725,0.11790206000127998,0.11229879410597002
43-5051,0.2188411333330599,0.13624780253337157,0.08259333079968834
43-5052,0.1227887693443655,0.11266632781149713,0.01012244153286837
43-5053,0.0595078030966365,0.11900316385832078,-0.05949536076168428
43-5061,0.2583568563737871,0.23520712886785095,0.023149727505936135
43-5071,0.1838622822759553,0.13476459216236863,0.04909769011358667
43-5111,0.0890664498841473,0.14275567915435183,-0.05368922927020453
43-6011,0.2611336180998788,0.2202180075977327,0.040915610502146094
43-6012,0.2068168478932778,0.21379476809120443,-0.006977920197926618
43-6013,0.1818902445587373,0.20365990346048768,-0.021769658901750366
43-6014,0.2564808354402743,0.2259812041879557,0.030499631252318582
43-9021,0.3150328710866901,0.21268411571689907,0.10234875536979102
43-9022,0.2647822550496732,0.2177259555137458,0.04705629953592738
43-9031,0.3107367491781907,0.2222883138394478,0.08844843533874291
43-9041,0.3069451231261819,0.2333357520781842,0.0736093710479977
43-9051,0.0833454529303563,0.11700708839985093,-0.03366163546949462
43-9061,0.2418102163460603,0.20747209543165795,0.03433812091440236
43-9071,0.161707398450312,0.15788273702046435,0.0038246614298476644
43-9081,0.3690176328235297,0.23041657895293777,0.1386010538705919
43-9111,0.3179885795555285,0.2717130273155234,0.046275552240005124
45-1011,0.0547834005321493,0.10381299722615792,-0.049029596694008616
45-2011,0.089366721512358,0.1733274127668006,-0.08396069125444261
45-2021,0.1693953450270416,0.12537490276515484,0.044020442261886755
45-2041,0.0385030051640548,0.11953268952647103,-0.08102968436241623
45-2091,0.0805741769200513,0.060269661337211206,0.02030451558284009
45-2092,0.0478482808141578,0.04808896132959575,-0.00024068051543795627
45-2093,0.1439467269461806,0.07506477264295078,0.06888195430322983
45-3031,0.0646252392117641,0.06334661749149513,0.0012786217202689631
45-4011,0.073522542277634,0.08848217266062541,-0.014959630382991418
45-4021,0.0749191378790531,0.05305895409740141,0.021860183781651693
45-4022,0.0052334833105568,0.06625647654359888,-0.06102299323304208
45-4023,0.0608154278829835,0.1340263248099716,-0.0732108969269881
47-1011,0.1102076510851287,0.10376124329418593,0.006446407790942771
47-2011,0.0411040562320653,0.06035056890276093,-0.01924651267069563
47-2021,0.0981067476941885,0.05322698703935726,0.04487976065483125
47-2022,0.0302597248660019,0.04208723296564608,-0.011827508099644179
47-2031,0.0557378988724583,0.0643071034546783,-0.008569204582219998
47-2041,0.0633189223858154,0.061228532468822094,0.002090389916993299
47-2042,0.0355703756049972,0.1046834762064615,-0.0691131006014643
47-2043,0.0,0.04172455875496896,-0.04172455875496896
47-2044,0.0724300003329326,0.07703880682942821,-0.004608806496495602
47-2051,0.0151809925407888,0.05756137937370835,-0.04238038683291955
47-2053,0.076829990981922,0.04858832373837915,0.02824166724354285
47-2061,0.030072808760993,0.042403780054568185,-0.012330971293575185
47-2071,0.0068754346128106,0.07229297977383158,-0.06541754516102098
47-2072,0.0,0.06893906636820862,-0.06893906636820862
47-2073,0.0977578752885483,0.0706761493974828,0.0270817258910655
47-2081,0.0424729185246052,0.0841235037326287,-0.0416505852080235
47-2082,0.0501506868205887,0.12168454395288758,-0.07153385713229887
47-2111,0.1509300712949303,0.040816267020026026,0.11011380427490428
47-2121,0.0530926151156536,0.0689123225787745,-0.015819707463120898
47-2131,0.074361569168175,0.0684728747658024,0.005888694402372607
47-2132,0.1395733592351856,0.08682483197640599,0.05274852725877961
47-2141,0.0928565635362791,0.0713928426054537,0.021463720930825395
47-2142,0.0724892074134199,0.09030961035471319,-0.017820402941293292
47-2151,0.0417239533922352,0.07919578080517306,-0.037471827412937864
47-2152,0.0743170775134675,0.07901735204810562,-0.004700274534638116
47-2161,0.1002936569803205,0.07072876066622967,0.02956489631409083
47-2171,0.0551098662488256,0.05794095200007278,-0.0028310857512471796
47-2181,0.0091029999034675,0.055108216540959834,-0.04600521663749234
47-2211,0.0637663639814826,0.052788057855273324,0.010978306126209272
47-2221,0.0296513369476341,0.045266487339021444,-0.015615150391387344
47-2231,0.1601942492538948,0.06442554546577929,0.09576870378811551
47-3011,0.0695473045422786,0.06457754737637043,0.004969757165908167
47-3012,0.030190733760135,0.0560365861824845,-0.025845852422349498
47-3013,0.0626998142929469,0.041276565305698856,0.02142324898724804
47-3014,0.0272765320013718,0.07631046842014777,-0.04903393641877597
47-3015,0.0603023735181051,0.05854838180741673,0.0017539917106883726
47-3016,0.0103669995630143,0.06745207352409942,-0.057085073961085114
47-4011,0.1175029238868945,0.18754365492151465,-0.07004073103462015
47-4021,0.0606422258533255,0.06255995133660675,-0.0019177254832812435
47-4031,0.0582609470085303,0.0592091851891027,-0.0009482381805724013
47-4041,0.0215589836783206,0.08197177334966613,-0.06041278967134553
47-4051,0.0213537884039159,0.08465560367727028,-0.06330181527335438
47-4061,0.0,0.045147543261186585,-0.045147543261186585
47-4071,0.0868161402488554,0.06404905871904512,0.022767081529810274
47-5011,0.0517819721229449,0.038690681488369474,0.013091290634575425
47-5012,0.0569925643639539,0.04222737660375796,0.01476518776019594
47-5013,0.0592326977045786,0.04819328549387271,0.011039412210705889
47-5022,0.0971389749507251,0.04669477827932571,0.05044419667139939
47-5023,0.0464081484675414,0.05648281847203686,-0.01007467000449546
47-5032,0.0338620617628137,0.056489603204188374,-0.022627541441374674
47-5041,0.0439785378771693,0.056703338852261684,-0.012724800975092383
47-5043,0.049601603671797,0.037397900260594114,0.012203703411202887
47-5044,0.0480069175043534,0.07834130213153125,-0.030334384627177843
47-5051,0.0294234126560107,0.07018008276455989,-0.04075667010854919
47-5071,0.0086898877725605,0.04790717203591685,-0.03921728426335635
47-5081,0.0280737132395856,0.03487003436547452,-0.006796321125888918
49-1011,0.1261264046016442,0.12274448085724994,0.0033819237443942635
49-2011,0.1591961875756344,0.12631456941491237,0.03288161816072202
49-2021,0.1186006310431548,0.0885690756936479,0.030031555349506897
49-2022,0.1803210191711737,0.09182780307138386,0.08849321609978986
49-2091,0.1404533169551093,0.10111318363121363,0.03934013332389566
49-2092,0.1043498622619843,0.05541543547372771,0.04893442678825659
49-2093,0.1218519194674649,0.09594925507701953,0.025902664390445376
49-2094,0.2062317725349581,0.10467590078971557,0.10155587174524254
49-2095,0.1685790361708563,0.10047781416877477,0.06810122200208152
49-2096,0.103607585481252,0.09220155638000439,0.011406029101247606
49-2097,0.1238959719799473,0.11661795003789957,0.007278021942047727
49-2098,0.1626399377568037,0.09364401461526406,0.06899592314153963
49-3011,0.0620777671565487,0.060354848069445605,0.001722919087103092
49-3021,0.0873416052806276,0.08061577647949371,0.006725828801133885
49-3022,0.025389244091884,0.09348396021793007,-0.06809471612604606
49-3023,0.1243194438028391,0.0669336228758335,0.0573858209270056
49-3031,0.0993443910257489,0.07342602834375522,0.02591836268199367
49-3041,0.1193673871557896,0.06323394049661371,0.056133446659175884
49-3042,0.0772125828540233,0.05987118173005737,0.017341401123965927
49-3043,0.0432481797165304,0.045570736242553006,-0.002322556526022604
49-3051,0.0695927887824085,0.05622499637230044,0.013367792410108062
49-3052,0.0642977776897878,0.05697714279080279,0.007320634898985004
49-3053,0.0411501367601336,0.06487346641551252,-0.02372332965537892
49-3091,0.1224298084265076,0.05138228196553997,0.07104752646096762
49-3092,0.1584038591360095,0.05934416012792143,0.09905969900808806
49-3093,0.023415574045479,0.06241924687447396,-0.03900367282899496
49-9011,0.0793264543977944,0.04178532089557874,0.03754113350221566
49-9012,0.1494856996431093,0.0900852261642035,0.059400473478905785
49-9021,0.1171134378942593,0.05276273806833803,0.06435069982592127
49-9031,0.1223776976946009,0.05476396161986301,0.06761373607473789
49-9041,0.1035019931775666,0.07431761305444212,0.02918438012312448
49-9043,0.0980567985579017,0.06886510990118276,0.029191688656718937
49-9044,0.0629604741737352,0.05066091002427156,0.012299564149463635
49-9045,0.0923415387135101,0.07238843209525891,0.019953106618251185
49-9051,0.1116487063262473,0.04435790166993102,0.06729080465631627
49-9052,0.1657812360326048,0.08561084260854038,0.08017039342406443
49-9061,0.1681267902887618,0.13632516082902207,0.031801629459739716
49-9062,0.1550742703733709,0.09021129474695716,0.06486297562641374
49-9063,0.1372495286134321,0.07669275671256556,0.06055677190086653
49-9064,0.0797422108359587,0.0904948420845399,-0.010752631248581196
49-9071,0.0759602799530096,0.058896494563656435,0.01706378538935316
49-9081,0.1251333877048295,0.0695245877450271,0.05560879995980242
49-9091,0.0832884709720922,0.08258453264516388,0.0007039383269283189
49-9092,0.0837265487301684,0.03924609308941636,0.04448045564075204
49-9094,0.0430189768853844,0.060709443686200626,-0.017690466800816228
49-9095,0.1211964103826353,0.031155704346899155,0.09004070603573615
49-9096,0.1763014878054277,0.0653725178508268,0.1109289699546009
49-9097,0.073352771163127,0.06646721099750746,0.006885560165619531
49-9098,0.0625113344294359,0.04796525915493827,0.014546075274497638
49-9099,0.1212289764532127,0.09059875762296628,0.030630218830246428
51-1011,0.2501944439628881,0.13553989193617827,0.11465455202670982
51-2011,0.053736284478856,0.09595823955272832,-0.04222195507387232
51-2021,0.0745450301641336,0.11899009684410856,-0.04444506667997497
51-2031,0.1173161501289369,0.07171367723312128,0.04560247289581562
51-2041,0.0447834098927545,0.09332920903118974,-0.04854579913843524
51-2051,0.060885164602415,0.08687888870579413,-0.025993724103379134
51-2061,0.0290788546654375,0.10781079830288662,-0.07873194363744912
51-3011,0.0905418484383246,0.15395866037486522,-0.06341681193654063
51-3021,0.1943090249316365,0.09268814841511525,0.10162087651652124
51-3022,0.1769994252897913,0.08951878877842756,0.08748063651136373
51-3023,0.1049120956063185,0.0922754549076723,0.012636640698646201
51-3091,0.0639286067182724,0.10773099264531835,-0.04380238592704595
51-3092,0.0730739883311329,0.12918216172503508,-0.05610817339390217
51-3093,0.0926290853267721,0.12708814465227866,-0.034459059325506566
51-4021,0.1437561868337876,0.09523644885852457,0.04851973797526303
51-4022,0.1153043803595023,0.10341752499563356,0.011886855363868742
51-4023,0.1077523643875168,0.06852965334370857,0.03922271104380823
51-4031,0.0809122409292341,0.08627396484727407,-0.005361723918039962
51-4032,0.0947754121071271,0.1082594371764527,-0.013484025069325598
51-4033,0.1045354126406689,0.08414469419107273,0.020390718449596168
51-4034,0.1455516700989665,0.11422096680233403,0.03133070329663247
51-4035,0.1251284759656447,0.09129152444096351,0.03383695152468118
51-4041,0.1573086569149279,0.10389419872585519,0.053414458189072714
51-4051,0.075052266409245,0.06245778150321955,0.012594484906025452
51-4052,0.0635185022616824,0.0828036078203188,-0.019285105558636398
51-4061,0.0683523812367444,0.10355835307526808,-0.03520597183852367
51-4062,0.1425285005160059,0.14598308123013212,-0.0034545807141262153
51-4071,0.0,0.060116411241708245,-0.060116411241708245
51-4072,0.0705028252797736,0.07004843449668549,0.0004543907830881072
51-4081,0.1365006681732082,0.08065900799695405,0.05584166017625414
51-4111,0.0862094989540314,0.1437277719917613,-0.05751827303772988
51-4121,0.0748537740759279,0.1134293576880716,-0.03857558361214369
51-4122,0.0799371684591732,0.09286494280787276,-0.012927774348699558
51-4191,0.1378923801198145,0.06620908822742091,0.07168329189239359
51-4192,0.0728719428858215,0.0783751798258836,-0.005503236940062106
51-4193,0.0804929527723317,0.09996915696401497,-0.019476204191683263
51-4194,0.0963670457067102,0.07512266330417185,0.021244382402538356
51-5111,0.1331718166569082,0.20614814294596498,-0.07297632628905679
51-5112,0.1170484914248518,0.06987431104745727,0.04717418037739453
51-5113,0.04164004807566,0.07766888384728649,-0.03602883577162649
51-6011,0.0446023861649318,0.10194295348586926,-0.057340567320937466
51-6021,0.0542129753975884,0.09291781307159956,-0.03870483767401116
51-6031,0.0405949773289702,0.11268632090482769,-0.07209134357585749
51-6041,0.0468752662699412,0.12479423163956573,-0.07791896536962453
51-6042,0.0495696892526997,0.09919720493593515,-0.049627515683235444
51-6051,0.0736939963067293,0.1352585866707246,-0.061564590363995295
51-6052,0.0475597036612008,0.12584740922881235,-0.07828770556761155
51-6061,0.104445381283524,0.1029223045784374,0.0015230767050865984
51-6062,0.1125743953801398,0.08875486478004282,0.023819530600096978
51-6063,0.0913849075382536,0.07128058355419843,0.020104323984055164
51-6064,0.0550675573729052,0.07914025226101298,-0.02407269488810778
51-6091,0.0441100937846361,0.09321855712958939,-0.049108463344953286
51-6092,0.0885624554288252,0.1831897462373414,-0.09462729080851622
51-6093,0.0821978463782015,0.06879574456827404,0.013402101809927458
51-7011,0.1168520327351625,0.05355061914742408,0.06330141358773841
51-7021,0.0793473166685727,0.08045484310824155,-0.0011075264396688544
51-7031,0.1383437107790737,0.07929103023076398,0.05905268054830973
51-7032,0.1227163776189196,0.0862714033530445,0.03644497426587509
51-7041,0.1089106429782839,0.07061326611012686,0.03829737686815704
51-7042,0.1263206960311226,0.09125503846804713,0.03506565756307546
51-8011,0.0763946100878276,0.20046788300744145,-0.12407327291961386
51-8012,0.1456665687502266,0.2255237847654224,-0.0798572160151958
51-8013,0.0655066316400932,0.10759570934857882,-0.04208907770848562
51-8021,0.0938093790936059,0.08526441310535071,0.008544965988255188
51-8031,0.0,0.10247240283199494,-0.10247240283199494
51-8091,0.0461334341579944,0.11636158177651862,-0.07022814761852422
51-8092,0.101947740559564,0.1285024280555829,-0.0265546874960189
51-8093,0.0591465997720528,0.10869027094026903,-0.04954367116821624
51-8099,0.0263750669989034,0.08960275650840521,-0.0632276895095018
51-9011,0.0895068932573992,0.11188291407299222,-0.02237602081559302
51-9012,0.1028406614003804,0.10646740535482399,-0.0036267439544435953
51-9021,0.0506905725418171,0.08880723808600002,-0.03811666554418292
51-9022,0.0844519184218797,0.05479751756907972,0.02965440085279998
51-9023,0.0782478341611135,0.06883009668875306,0.009417737472360438
51-9031,0.0533873861416691,0.10959222309272165,-0.05620483695105255
51-9032,0.0849779085865017,0.07183739614893382,0.013140512437567878
51-9041,0.0766559013252864,0.07590764873636804,0.0007482525889183494
51-9051,0.1215638996421962,0.10730298563836668,0.01426091400382952
51-9061,0.0929881871510724,0.1362552085309379,-0.04326702137986549
51-9071,0.1134031031726403,0.14739142281993978,-0.03398831964729948
51-9081,0.0401790789498832,0.12242527836466752,-0.08224619941478431
51-9082,0.0377700965076204,0.09891527986192411,-0.06114518335430371
51-9083,0.0619618619337175,0.130841805078885,-0.06887994314516749
51-9111,0.0200531293260266,0.10013064854373976,-0.08007751921771317
51-9123,0.0871370192211188,0.1269341481744065,-0.039797128953287714
51-9124,0.0511861571509862,0.07654685582534194,-0.025360698674355746
51-9141,0.0895941235115508,0.11029515882722046,-0.020701035315669664
51-9151,0.1079238060437965,0.1512751147431701,-0.04335130869937359
51-9161,0.2053578059350339,0.10505254352016598,0.10030526241486791
51-9162,0.4193714904838428,0.1657553219519296,0.2536161685319132
51-9191,0.1161661059952179,0.05682727894711362,0.05933882704810428
51-9192,0.0532466493306573,0.09483644824969213,-0.04158979891903483
51-9193,0.1103922277998763,0.07915849612498316,0.031233731674893142
51-9194,0.0815071659280376,0.12292478421620347,-0.04141761828816587
51-9195,0.0927155923921388,0.08072304174592324,0.011992550646215558
51-9196,0.0908882572911304,0.09198303744532206,-0.001094780154191663
51-9197,0.011765050502153,0.06910522058762403,-0.05734017008547103
51-9198,0.0214759054004286,0.07187921985131265,-0.05040331445088406
53-1041,0.0775038796559672,0.11720056100894649,-0.039696681352979296
53-2011,0.0994944936467671,0.16206322250099223,-0.06256872885422513
53-2012,0.1567735216069628,0.09148240942032831,0.0652911121866345
53-2021,0.1708206064957888,0.21307201206778348,-0.042251405571994666
53-2022,0.1919735146011439,0.16637310611199108,0.02560040848915282
53-2031,0.2386125523145448,0.12380118308034724,0.11481136923419757
53-3011,0.0473310262925413,0.07925964096874655,-0.031928614676205246
53-3031,0.0698863217475136,0.10896206838117178,-0.03907574663365819
53-3032,0.1379720200611528,0.10186788983151676,0.036104130229636044
53-3033,0.1191584594877899,0.06278709004001556,0.056371369447774336
53-3051,0.142260275237561,0.14179430465252352,0.0004659705850374729
53-3052,0.1877153794433428,0.1373550799898873,0.05036029945345549
53-3053,0.1312083536020159,0.12177411424039063,0.009434239361625282
53-4011,0.1110708625919912,0.10434180067944014,0.006729061912551057
53-4013,0.134607370850805,0.07449785808206084,0.06010951276874417
53-4022,0.0320030202095363,0.09624697009291465,-0.06424394988337835
53-4031,0.1550595367024462,0.1422967063213302,0.012762830381116003
53-4041,0.1259796479655726,0.09171096594377119,0.0342686820218014
53-5011,0.0624458328637375,0.05076557855913738,0.011680254304600117
53-5021,0.1305133654172171,0.07890510278020682,0.051608262637010266
53-5022,0.0029317534993333,0.07778950280611062,-0.07485774930677731
53-5031,0.0249475337410181,0.05245802087854931,-0.027510487137531212
53-6011,0.0,0.14195292346638305,-0.14195292346638305
53-6021,0.1374981812549523,0.12948019350488718,0.008017987750065125
53-6031,0.0441872051865519,0.059520573967041135,-0.015333368780489236
53-6041,0.121142827110583,0.19062171817793483,-0.06947889106735183
53-6051,0.1335520410727661,0.14387188112234991,-0.010319840049583806
53-6061,0.3761776673002051,0.1503318001884753,0.22584586711172977
53-7011,0.0520867528463955,0.09284380999062014,-0.04075705714422464
53-7021,0.0714135172489954,0.07433239328534672,-0.0029188760363513117
53-7031,0.0,0.08004956555210228,-0.08004956555210228
53-7041,0.0682976927063746,0.07123966131478551,-0.002941968608410908
53-7051,0.0130958578810665,0.07781371252894623,-0.06471785464787973
53-7061,0.0387524681390456,0.08735875004043316,-0.048606281901387556
53-7062,0.0538731657267025,0.08611414385750332,-0.032240978130800825
53-7063,0.019375993236474,0.10323520479332744,-0.08385921155685344
53-7064,0.0697238239130596,0.10284341227159713,-0.033119588358537524
53-7065,0.1101371351502274,0.1258320008685047,-0.015694865718277315
53-7071,0.0099225932425685,0.07520683272869982,-0.06528423948613132
53-7072,0.146887196517657,0.07767148590079061,0.06921571061686639
53-7073,0.0825313626565368,0.08550221584281634,-0.002970853186279543
53-7081,0.0352727379604117,0.09113061828436633,-0.05585788032395463
53-7121,0.0799182452502172,0.0631914487957008,0.016726796454516413
