occ_code,net_risk_raw,net_risk_calibrated
11-1011,0.01818004873236182,0.7342567594167909
11-1021,-0.01844136195828331,0.45710134997050483
11-2011,0.01780695085298977,0.7314331080726519
11-2021,0.029218498417330298,0.817797125131626
11-2022,0.018334331377273645,0.7354243897405435
11-2033,0.01754273174254778,0.7294334648487281
11-3012,-0.05753355194898272,0.16124677422659503
11-3013,-0.08102366509526651,-0.01652933554683164
11-3021,0.004511939922250886,0.6308148050469018
11-3031,0.029113146471846978,0.8169998084516912
11-3051,-0.045215995792245535,0.2544675774566078
11-3061,0.02995395442494602,0.823363148042167
11-3071,-0.0011603616093414162,0.5878861186898561
11-3111,0.031967284557454186,0.838600281912829
11-3121,0.014259682784450892,0.7045869403415227
11-3131,0.021007140512317012,0.7556525430591688
11-9013,-0.11601865036353519,-0.2813757542860026
11-9021,-0.07370057874499625,0.038892696470578574
11-9031,-0.05416719343349058,0.18672379586799648
11-9032,-0.017402442659707987,0.4649640209640023
11-9033,0.013707318088402805,0.7004065753416571
11-9041,-0.018659842699321458,0.45544786043810886
11-9051,-0.11314486488425807,-0.2596265868959735
11-9071,-0.03587742433964902,0.3251430524253791
11-9072,-0.05846670269614025,0.15418457283877085
11-9081,-0.04639066989431888,0.24557749715696353
11-9111,0.006177677299074515,0.6434213135346118
11-9121,0.003013984733711804,0.6194780931130331
11-9131,-0.02012900591976461,0.4443290497143767
11-9141,-0.0009592203555927221,0.589408380817063
11-9151,-0.009716399541232518,0.5231329551298027
11-9161,-0.04429934080441335,0.26140493687784133
11-9171,-0.0643264175882945,0.10983751876451671
11-9179,-0.06228839867502707,0.12526150041113843
11-9199,-0.017938374653372877,0.46090802070791437
13-1011,0.0025054526033111684,0.6156294584438673
13-1021,-0.0358299050222185,0.32550268455398057
13-1022,-0.025482139463369996,0.40381586654861745
13-1023,0.01619115298345463,0.7192045480126255
13-1031,0.015495501895187013,0.713939773702612
13-1032,-0.04184314145497553,0.2799937602884326
13-1041,-0.02171546408623108,0.4323225361911623
13-1051,0.030539992812034282,0.8277983597410484
13-1071,0.013203096454342741,0.6965905630470981
13-1074,-0.063464528574836,0.11636040245242892
13-1075,0.005768971347203836,0.6403281758510111
13-1081,0.02136183339244311,0.7583369030705691
13-1111,0.02627223824815653,0.7954994602377055
13-1121,-0.06635994310501662,0.09444754370409218
13-1131,0.021474306929130372,0.7591881168420908
13-1141,0.009804111911136077,0.6708666235535634
13-1151,0.00585331121616324,0.6409664705117917
13-1161,0.04617656247634752,0.9461378716800346
13-1199,0.013113312107359922,0.6959110638967214
13-2011,0.03747531720058841,0.8802857608078659
13-2022,-0.03255351572191398,0.3502988079393447
13-2023,0.004388383385595412,0.629879713747558
13-2031,0.02357369894530333,0.7750765777958714
13-2041,0.017977178991896367,0.7327214158862554
13-2052,0.03271443529970122,0.8442548120355167
13-2053,0.01821162947100095,0.7344957663906643
13-2061,0.02347541158876089,0.7743327268072782
13-2071,0.016612922950632252,0.7223965557955241
13-2072,0.009834270104133833,0.6710948645243732
13-2081,-0.0016228842746200817,0.5843856893984678
13-2082,0.01686460565732267,0.7243013219502902
13-2099,0.031836381598448496,0.837609591971706
15-1211,8.495198132611043e-05,0.5973108074607519
15-1212,0.00888670650547086,0.6639235848764562
15-1221,0.0031643462253139534,0.6206160476588584
15-1231,-0.029650014754132925,0.3722728658572886
15-1232,-0.0412042298478504,0.28482912311944397
15-1241,-0.0211371623307016,0.4366991960962441
15-1242,0.025906591991994438,0.7927322037085901
15-1243,0.04773285201891151,0.9579160652900497
15-1244,-0.027211103986995784,0.3907308471180029
15-1251,0.021285245987424643,0.7577572800250334
15-1252,0.03853487454824285,0.8883046231341063
15-1253,0.03399573855306375,0.853951875068134
15-1254,0.024216334217032558,0.7799401217856237
15-1255,0.03050336257278288,0.8275211375159518
15-1299,0.010756471851480952,0.6780742025143037
15-2011,0.05329353387451886,1.0
15-2021,0.050764906321352346,0.9808630308986418
15-2031,0.04712237311697267,0.953295884722609
15-2041,0.046359389769161374,0.9475215314638101
15-2051,0.051379696926571225,0.985515842974958
15-2099,0.03961406134712607,0.8964720435986028
17-1011,0.0024723001227321267,0.615378556330711
17-1012,-0.01555930100133152,0.47891314720903055
17-1021,-0.01928271082496201,0.450733916678508
17-1022,-0.062397541718282254,0.12443549222982796
17-2011,0.029638402197277827,0.8209750093765147
17-2021,-0.022538733478692008,0.4260919306178388
17-2031,-0.013967088845883269,0.49096320763942625
17-2041,0.024006374859600783,0.7783511231485246
17-2051,0.02497416337451449,0.7856754674883465
17-2061,-0.0018471666039370782,0.582688292721466
17-2071,-0.006837773636677723,0.5449187554628132
17-2072,-0.02466568472410774,0.4099948979755088
17-2081,0.005324473599047308,0.6369641613833832
17-2111,0.004547210757993525,0.6310817391364796
17-2112,-0.005384150416723077,0.5559199575221886
17-2121,-0.046779254849975416,0.24263663768545318
17-2131,-0.018017366239832876,0.4603102025169913
17-2141,-0.005435135690254299,0.555534094604983
17-2151,0.030539028939674504,0.8277910650346597
17-2161,0.01060029220082579,0.6768922154141847
17-2171,0.037609348873285375,0.8813001292449232
17-2199,-0.01741965505342309,0.4648337554188555
17-3011,0.0017704011378335618,0.6100664971587473
17-3012,-0.0031743167359417693,0.5726442547858543
17-3013,0.0013581816219452106,0.6069467683838814
17-3021,-0.055651280801791714,0.17549203732952395
17-3022,-0.0007744155348195433,0.5908070067793918
17-3023,-0.07193632033987574,0.05224482440390076
17-3024,-0.126053887894724,-0.35732368513831825
17-3025,-0.06522015083076341,0.10307363397469609
17-3026,-0.06885209425564714,0.075586632572357
17-3027,-0.09336650876356829,-0.10994151782230957
17-3029,-0.087946766887716,-0.06892423447995222
17-3031,-0.03325916133763167,0.34495839379745663
19-1011,-0.011428511317409858,0.5101754793964757
19-1012,-0.049213403007658744,0.22421470044784753
19-1013,-0.037460956560474906,0.3131586828241694
19-1021,-0.034530545005281854,0.33533640342828386
19-1022,-0.041408065479890836,0.283286469600847
19-1023,-0.034664295321736864,0.334324164330402
19-1029,-0.012263770494745287,0.5038541336339186
19-1031,-0.06301855970770436,0.11973555053217623
19-1032,-0.07974171469952587,-0.006827374859880672
19-1041,0.026571180288987542,0.7977618909350679
19-1042,-0.007785853464623238,0.5377435689272184
19-2011,0.019963954275580932,0.7477575793448089
19-2012,0.029197553731378924,0.8176386131327406
19-2021,0.029915528521381383,0.8230723360053025
19-2031,-0.06373700209382054,0.1142982888338315
19-2032,-0.003925634191015048,0.566958190460152
19-2041,0.01586151166566529,0.7167097813534685
19-2042,-0.020197352914061675,0.4438117911262561
19-2043,-0.03104199639101219,0.3617381749965257
19-2099,0.005570716936678606,0.6388277617138329
19-3011,0.051080302054161614,0.9832499851916586
19-3022,0.04108977558537109,0.907640433243161
19-3032,0.047948601119455224,0.9595488814260521
19-3033,0.006056292175225665,0.6425026557585581
19-3034,0.007344710794732221,0.6522535687707315
19-3039,-0.013924239466703767,0.49128749709215475
19-3041,0.035190621517409655,0.8629948985611716
19-3051,0.023427722125065466,0.7739718069904958
19-3091,-0.020768829974498193,0.43948678136591657
19-3092,0.018480646683802202,0.7365317222524376
19-3093,0.00255947040066307,0.6160382718800541
19-3094,0.023981937519689765,0.7781661783083045
19-3099,0.032538806042248195,0.8429256278822537
19-4012,-0.10267777645758078,-0.18041035453638057
19-4013,-0.05063305281193786,0.2134706134409582
19-4021,-0.05700830673964702,0.16522189556429717
19-4031,-0.08714504593013224,-0.06285671015278164
19-4042,-0.0745498130079267,0.032465585515007785
19-4043,-0.06060289659431563,0.13801759064611888
19-4051,-0.08482395144726526,-0.0452903772445072
19-4061,0.03963701073309654,0.8966457274175829
19-4071,-0.12093045458569884,-0.3185489020331896
19-4092,-0.09249867304359158,-0.10337362871683335
19-4099,-0.030330325170832007,0.36712419166547294
19-5011,-0.044808235849830506,0.257553555622509
19-5012,-0.035598512049398304,0.32725389546900296
21-1011,-0.021798617020981743,0.4316932243966997
21-1012,0.015892084879954478,0.7169411632572403
21-1013,0.0010560396174207395,0.6046601199616705
21-1014,-0.00902051800171175,0.5283994735236793
21-1015,-0.01564654686289504,0.4782528596333171
21-1021,-0.020364818077164507,0.4425443938585804
21-1022,-0.021604011935309343,0.43316601998765825
21-1023,-0.005628763297722644,0.5540686966911418
21-1091,-0.045887367878641956,0.24938654966475543
21-1092,-0.04331535170820314,0.26885188924006936
21-1093,-0.026433939525408734,0.39661252481681647
21-1094,-0.0719627894666752,0.052044502746776175
21-2011,-0.012399126498344393,0.5028297424952096
21-2021,-0.00783586491205731,0.537365076047529
23-1011,0.001216458948986445,0.6058741934963787
23-1012,0.025189314312264018,0.7873037566536232
23-1021,-0.006914602693534569,0.5443373035659869
23-1022,0.006642404646493861,0.646938428135765
23-1023,0.008915669136627745,0.6641427776859504
23-2011,0.012372160399502029,0.6903019352154595
23-2093,-0.008485842349076844,0.5324459656339584
25-1011,0.019479304408963026,0.7440896886304053
25-1021,0.018655024359807836,0.7378514342810072
25-1022,0.020836532987083423,0.7543613640024643
25-1031,0.005726866927511384,0.6400095243447124
25-1032,0.01707199798560837,0.7258708929902371
25-1041,-0.04551195453875773,0.25222772470320876
25-1042,-0.004728428598043975,0.5608825421335263
25-1043,-0.0035390177097334996,0.5698841522717661
25-1051,0.00856625697804761,0.661498382834675
25-1052,0.009087780368647005,0.6654453369833941
25-1053,-0.009752975649340481,0.5228561425759597
25-1054,-0.02083376161951679,0.43899537056764965
25-1061,-0.01405354621810187,0.490308887449543
25-1062,0.029326412930543586,0.8186138356441586
25-1063,0.02883906190118272,0.8149255021927909
25-1064,0.03382251141524188,0.8526408704562201
25-1065,0.017743162200643134,0.7309503475856652
25-1066,0.022204440619366987,0.7647138597900474
25-1067,0.02690948708068402,0.8003222389829121
25-1071,-0.05045290221916581,0.21483401562454701
25-1072,-0.038888774625320255,0.30235277740124955
25-1081,0.006318441171695943,0.644486632101425
25-1082,0.03322574328197771,0.8481244546983318
25-1111,0.011378309708152536,0.6827803490696859
25-1112,0.023937454463377247,0.7778295249830172
25-1113,0.026861188716503302,0.7999567109312166
25-1121,-0.055965754942564366,0.1731120577601302
25-1122,0.015411050168702325,0.7133006324901111
25-1123,0.010229792600718672,0.6740882281719999
25-1124,0.03595887747889735,0.8688091556187257
25-1125,0.009714071275565428,0.6701851847791482
25-1126,0.021308520685447155,0.7579334258462488
25-1192,0.006371334997970879,0.6448869391841381
25-1193,-0.020884918538765555,0.43860820861421834
25-1194,-0.09704959983548697,-0.13781561100480788
25-2011,-0.08032716323604573,-0.01125812249599889
25-2012,-0.056830975514335406,0.16656396042285834
25-2021,-0.022317696096817267,0.4277647691273634
25-2022,-0.025404226350129015,0.4044055227195376
25-2023,-0.03760431359774359,0.31207373886346723
25-2031,-0.019368664886565388,0.45008340560621496
25-2032,-0.08714298187083962,-0.06284108909429209
25-2051,-0.04900066183748239,0.2258247521911948
25-2056,-0.03079851198806741,0.3635808953647278
25-2057,-0.02579123814958347,0.4014765690906228
25-2058,-0.02366058809424166,0.41760159478838654
25-2059,-0.11422256716267812,-0.2677827723242155
25-3011,0.000849129397179061,0.603094197575607
25-3021,-0.05202763753322641,0.20291622211230856
25-3031,-0.031360251794985104,0.35932957835502227
25-3041,-0.014607164983359922,0.4861190314972861
25-4011,-0.038206285625039846,0.3075179393856737
25-4012,-0.04646200915132864,0.2450375927509548
25-4013,-0.10931366163455816,-0.2306315622555447
25-4022,-0.01632486271231315,0.4731192805757686
25-4031,-0.057200719508108136,0.16376569170377367
25-9021,-0.03368444452241183,0.341739797545006
25-9031,0.006586346215991901,0.646514170933061
25-9042,-0.06597763467490819,0.09734090164643208
25-9043,-0.049510580969403806,0.22196562052130867
25-9044,0.012847936233674234,0.6939026661441108
27-1011,-0.005092078568843007,0.5581303937413377
27-1012,-0.12719573117616348,-0.36596529768744085
27-1013,-0.08182525024079997,-0.02259583203144512
27-1014,-5.969067343795931e-05,0.5962161337862947
27-1021,-0.0027479634925986207,0.5758709493751403
27-1022,-0.04582847964977482,0.24983222313487674
27-1023,-0.09018111117465916,-0.08583403107197403
27-1024,0.000392761659162022,0.5996403495423717
27-1025,0.013518650829011755,0.6989787179615209
27-1026,-0.11832716457203096,-0.2988468781067913
27-1027,-0.03297716436903678,0.34709258207200866
27-2011,-0.08440775077124549,-0.04214051855259319
27-2012,-0.024076459593126397,0.41445422735013865
27-2021,-0.15361158284964024,-0.5658837620055023
27-2022,-0.08397848317185733,-0.03889176775280923
27-2023,-0.06485384579141248,0.1058458762572545
27-2031,-0.12908584097786696,-0.3802698847066237
27-2032,-0.1059663596824775,-0.205298763065855
27-2041,-0.04427890796855235,0.26155957513132216
27-2042,-0.09368194346535566,-0.11232876703741906
27-3011,-0.04491673483480329,0.2567324217547107
27-3023,-0.025273964913394537,0.40539135753999767
27-3031,0.015497639399731257,0.7139559506039377
27-3041,0.002189387060075293,0.613237434941895
27-3042,-0.0007540568683289187,0.590961083709815
27-3043,0.0023677987778211278,0.6145876771021319
27-3091,-0.04159480743972969,0.2818731831281563
27-3092,-0.039177767627939224,0.30016564226752757
27-4011,-0.07895756861906816,-0.000892859397578358
27-4012,-0.08639630271757497,-0.05719012801591576
27-4014,-0.05694604943469324,0.16569306662297775
27-4021,-0.06669229953512143,0.09193222873586422
27-4031,-0.11390335312309535,-0.26536692060870076
27-4032,-0.02071848085870251,0.4398678297619353
29-1011,-0.10143991053984974,-0.17104203068434537
29-1021,-0.12243631843487124,-0.32994546769837707
29-1022,-0.12347264714175238,-0.3377885327704157
29-1023,-0.08178373678777157,-0.022281653034660755
29-1024,-0.11356449941435523,-0.2628024334243703
29-1031,0.013283528094313168,0.6971992797428244
29-1041,-0.051692856840857934,0.20544988420009366
29-1051,-0.061050124818622355,0.13463291159400007
29-1071,-0.09144902867323254,-0.0954297890407129
29-1081,-0.051227280534377875,0.20897342382943765
29-1122,-0.06582453566713332,0.09849957405651766
29-1123,-0.10822961505666043,-0.2224273623765695
29-1124,-0.1117094197366174,-0.24876295875797658
29-1125,-0.0841805232673702,-0.040420832426736227
29-1126,-0.1120027301564337,-0.2509827686442138
29-1127,-0.012842275103515953,0.499475938510175
29-1128,-0.06799368902156479,0.08208315058289078
29-1129,-0.07053211163982238,0.06287205120570008
29-1131,-0.08439372868833987,-0.042034397678063676
29-1141,-0.06818430024141454,0.08064058106723827
29-1151,-0.11649904836331391,-0.28501146634118735
29-1161,-0.08414493497752716,-0.040151495804882364
29-1171,-0.06193309689441564,0.12795046865745208
29-1181,-0.06373354846005407,0.11432442636547138
29-1211,-0.10753695623110554,-0.21718523388444433
29-1213,-0.0410635457733262,0.28589383776429206
29-1214,-0.07094004027164487,0.05978479637729706
29-1215,-0.03323903724601506,0.34511069543593936
29-1216,-0.0458149048209361,0.2499349591347742
29-1217,-0.019779394517454967,0.44697495246707897
29-1218,-0.0893694563865905,-0.07969132627514128
29-1221,-0.051413722207223615,0.20756240996621114
29-1222,-0.030803488392809747,0.3635432333121765
29-1223,-0.023017549646387914,0.4224681900653985
29-1224,-0.07479641642639673,0.030599260047803008
29-1229,-0.049015032241250305,0.22571599518088054
29-1241,-0.09259901326180797,-0.10413301601893961
29-1291,-0.08827662251490305,-0.07142062305939444
29-1292,-0.12854108397393552,-0.3761470956707573
29-1299,-0.03672932392600177,0.31869576996929855
29-2011,-0.07291668650795897,0.044825290814174655
29-2012,-0.08594143503989007,-0.05374763262660402
29-2031,-0.10445865462853873,-0.19388826293306308
29-2032,-0.11643658206524947,-0.28453871359654587
29-2033,-0.08254133395195246,-0.02801524298310959
29-2034,-0.09881892289773177,-0.15120606889572902
29-2035,-0.09429854305118535,-0.11699526970490619
29-2036,-0.009448735932832339,0.5251586667444286
29-2051,-0.09432934654069344,-0.11722839436029178
29-2052,-0.07275427089103016,0.04605447248581013
29-2053,-0.07744263414621062,0.010572353880412068
29-2055,-0.15955719991009906,-0.6108809344170837
29-2056,-0.14622868754464394,-0.5100090883496888
29-2057,-0.08637656805983306,-0.05704077366162983
29-2061,-0.11054524175452723,-0.23995231440513703
29-2081,-0.07366792520446017,0.03913982254318124
29-2091,-0.08670185076222224,-0.059502553775127705
29-2092,-0.07628282170037741,0.01934995930968397
29-2099,-0.06639516964418739,0.09418094485650211
29-9091,-0.10705337440680195,-0.21352542624765436
29-9092,0.015456282654537884,0.7136429575916188
29-9093,-0.1592893742293282,-0.6088539962185167
29-9099,-0.09259000526614625,-0.10406484238283897
31-1121,-0.12276531354737731,-0.33243534379525114
31-1122,-0.12174527916649593,-0.3247155962172397
31-1131,-0.11920312708452649,-0.3054762717929365
31-1132,-0.14464106282295736,-0.49799374619088743
31-1133,-0.10112971397546525,-0.16869442434724766
31-2011,-0.1100949334922932,-0.23654432524134436
31-2012,-0.13494236663836548,-0.42459280227743107
31-2021,-0.1199237644120221,-0.3109301450817485
31-2022,-0.09777418466476953,-0.14329935948011374
31-9011,-0.14254353558271882,-0.48211939809425464
31-9091,-0.09494570442643613,-0.1218930678113366
31-9092,-0.08134909626418207,-0.01899223927354189
31-9093,-0.14678208397217174,-0.5141972616222373
31-9094,-0.021249205093252344,0.43585124247718326
31-9095,-0.06807071217624502,0.0815002297294978
31-9096,-0.12953629947592463,-0.38367901087389134
31-9097,-0.09507897370834754,-0.12290166637972015
31-9099,-0.08652716523943836,-0.05818051192369591
33-1011,-0.09099605620367182,-0.09200163682316148
33-1012,-0.10589307152642562,-0.20474410914851393
33-1021,-0.1635101392257118,-0.6407972728069327
33-1091,-0.07686073238617397,0.014976259069178358
33-2011,-0.19098241356366305,-0.8487108757774642
33-2021,-0.07436566593378371,0.03385923356869869
33-2022,-0.1202000126227318,-0.3130208260387115
33-3011,-0.09223153188953384,-0.10135187110191604
33-3012,-0.1201722758634733,-0.31281091078083295
33-3021,-0.04205345599725787,0.2784020735680283
33-3031,-0.117576677929221,-0.2931671014720507
33-3041,-0.12457061373700681,-0.3460980810791001
33-3051,-0.08627036792200302,-0.0562370377560915
33-3052,-0.11667927394338547,-0.28637543603802335
33-9011,-0.11921067382410662,-0.3055333864605277
33-9021,-0.023253284030559165,0.42068412280710904
33-9031,-0.02881409611208518,0.3785992025311434
33-9032,-0.09414918980805187,-0.11586494570940364
33-9091,-0.08884640494567006,-0.07573280765076712
33-9092,-0.12215330574321301,-0.3278035923048366
33-9093,-0.13530979259301962,-0.4273735277869859
33-9099,-0.05733121774894142,0.16277806472032139
35-1011,-0.12329426293682812,-0.33643849883064825
35-1012,-0.11931404429135714,-0.3063157070657465
35-2011,-0.09019616511683021,-0.08594796118628456
35-2012,-0.11237616407127567,-0.25380896314675366
35-2013,-0.1038472979539678,-0.1892614392727252
35-2014,-0.10489588114600076,-0.1971972478187523
35-2015,-0.09680057690868249,-0.135930974396376
35-2021,-0.10438586723847093,-0.19333739887522597
35-3011,-0.11611364109231272,-0.28209465598398287
35-3023,-0.10777084214889186,-0.21895531171829324
35-3031,-0.12004364741372836,-0.3118374346098397
35-3041,-0.10173693539465152,-0.1732899518784172
35-9011,-0.12028346536730822,-0.3136524068313761
35-9021,-0.13376203254193156,-0.41565988643363694
35-9031,-0.09118393706950366,-0.09342354267863547
37-1011,-0.12954687783620591,-0.3837590692255424
37-1012,-0.15098795409419627,-0.5460278119414084
37-2011,-0.14127432362604178,-0.47251384350493336
37-2012,-0.12268906887708952,-0.3318583146089586
37-2021,-0.14166201403393586,-0.47544793292726484
37-3011,-0.15936106398817648,-0.6093965532662106
37-3012,-0.16035164608434516,-0.6168934022754684
37-3013,-0.1914437169198985,-0.8522020771857443
39-1013,-0.06824142125588488,0.08020828209636448
39-1022,-0.05583901006875282,0.17407127879323558
39-2011,-0.11524963441383411,-0.27555574554274104
39-2021,-0.11692131047746339,-0.2882071987538289
39-3011,-0.09234528327095533,-0.10221275576196565
39-3012,-0.07568728616956086,0.023857046578319305
39-3021,-0.09548276098751109,-0.12595757893402165
39-3031,-0.08128340398340188,-0.018495071888841804
39-3091,-0.0853930930033093,-0.049597711615942994
39-3092,-0.10230638989781819,-0.17759965467275843
39-3093,-0.08610409866150286,-0.05497869122865899
39-4011,-0.12235782809721601,-0.3293514430210052
39-4021,-0.10171019890377783,-0.17308760677659002
39-4031,-0.10617329265595811,-0.20686485765127213
39-5011,-0.15582256913041573,-0.5826167822898625
39-5012,-0.13141674559714658,-0.39791046195237434
39-5091,-0.11149455234470591,-0.24713681550301192
39-5092,-0.07067537188226744,0.06178783980031104
39-5093,-0.10386414172736899,-0.1893889150533024
39-5094,-0.09836380785725773,-0.147761701433938
39-6011,-0.15206827653894248,-0.5542038271156172
39-6012,-0.02968792090706035,0.37198598735815375
39-7011,-0.049025262238074074,0.22563857328738013
39-7012,-0.07510347156574532,0.028275428407683156
39-9011,-0.09884133398567085,-0.151375678807984
39-9031,-0.13520297320899,-0.4265651053488767
39-9032,-0.07620437686058014,0.019943639653584935
39-9041,-0.05762544881804607,0.16055128724529774
41-1011,-0.06227944162694934,0.125329288469561
41-1012,-0.01907441814980608,0.4523103016560056
41-2011,-0.0782094960631885,0.0047686471257987065
41-2012,-0.10729366090221029,-0.21534394445226096
41-2021,-0.07365793019984272,0.03921546598631799
41-2022,-0.09975669627904324,-0.15830325495611205
41-2031,-0.07055367290817643,0.06270887283419145
41-3011,0.015061940015197443,0.71065852325096
41-3021,0.016256520378135,0.7196992566187499
41-3031,0.035546284920907695,0.8656866036146511
41-3041,0.002281220659220408,0.6139324430885499
41-4011,0.0021396481738367237,0.612861004839371
41-4012,-0.04181276366758149,0.2802236631770566
41-9011,-0.0865698268736401,-0.058503380498986735
41-9012,-0.06724435015933136,0.08775424067089145
41-9021,0.0009532336262980043,0.6038820713822793
41-9022,-0.01974333802654517,0.44724783249307576
41-9031,0.010723575622547901,0.6778252397456055
41-9041,-0.023068032895780452,0.422086126529568
41-9091,-0.01873559319776884,0.4548745712060175
43-1011,-0.02094215102740419,0.4381750659929178
43-2011,-0.022415108472310152,0.4270275401046223
43-2021,-0.03200500208221091,0.35445002766386535
43-3011,-0.008491634196594423,0.5324021322086504
43-3021,0.006452005716826623,0.6454974652587249
43-3031,-0.01235330382683206,0.5031765341956224
43-3041,-0.07130795820288996,0.057000347527463115
43-3051,0.006007234512974968,0.6421313812442466
43-3061,-0.0156282411006736,0.47839139992786145
43-3071,-0.0626508129876047,0.12251870363468036
43-4011,0.003761868598898894,0.6251381716016848
43-4021,0.0033400754951253657,0.6219459887181392
43-4031,-0.013998806376262808,0.4907231654085787
43-4041,0.01066133291174837,0.6773541791373068
43-4051,-0.0206782597167769,0.44017222838690784
43-4061,-0.001841401539468903,0.5827319234493115
43-4071,-0.05061908888998618,0.21357629414612508
43-4081,-0.02412772691304301,0.414066229870666
43-4111,-0.014650550857298272,0.4857906817852244
43-4121,-0.05211151122598768,0.20228145553121232
43-4131,0.01202799523023975,0.6876972502345938
43-4141,-0.029768951144397073,0.37137274040280566
43-4151,-0.03396808628056795,0.33959316129765066
43-4161,0.016403026172975278,0.7208080307699756
43-4171,-0.0265091738371688,0.39604314215003683
43-4181,-0.05513670778559744,0.17938639017677147
43-5011,-0.06626983142676657,0.09512952013837701
43-5021,-0.1197037208944714,-0.30926482826154356
43-5031,-0.03288609273472505,0.347781823573649
43-5032,-0.02275276485853202,0.4244721144066335
43-5041,-0.11916369975388619,-0.3051778808309035
43-5051,-0.1008179572217946,-0.16633501030279343
43-5052,-0.12439943194366902,-0.3448025558896676
43-5053,-0.11806259589684538,-0.29684458933323365
43-5061,-0.0018586308873152074,0.5826015295931826
43-5071,-0.1023011675927975,-0.17756013161619216
43-5111,-0.0943100806008143,-0.11708258732132554
43-6011,-0.016847752157433477,0.4691619879558399
43-6012,-0.023270991663961738,0.4205501092261612
43-6013,-0.03340585629467846,0.3438481880430291
43-6014,-0.011084555567210469,0.5127785794677208
43-9021,-0.024381644038267085,0.4121445533573994
43-9022,-0.019339804241420365,0.45030182657283535
43-9031,-0.014777445915718335,0.48483032413624644
43-9041,-0.00373000767698195,0.5684387163485018
43-9051,-0.12005867135531524,-0.3119511376759827
43-9061,-0.029593664323508184,0.3726993329533872
43-9071,-0.07918302273470182,-0.0025991242997591454
43-9081,-0.006649180802228396,0.5463460495856961
43-9111,0.034647267560357256,0.8588827279593004
45-1011,-0.13325276252900825,-0.41180566737739155
45-2011,-0.06373834698836554,0.11428811050396233
45-2021,-0.11169085699001133,-0.2486224735735168
45-2041,-0.11753307022869512,-0.2928370729486725
45-2091,-0.17679609841795496,-0.7413470711453518
45-2092,-0.1889767984255704,-0.8335321299479997
45-2093,-0.1620009871122154,-0.6293758211466973
45-3031,-0.17371914226367102,-0.7180602827145971
45-4011,-0.14858358709454075,-0.5278312622268752
45-4021,-0.18400680565776475,-0.7959186040207168
45-4022,-0.17080928321156727,-0.6960381060204914
45-4023,-0.10303943494519456,-0.1831474311351236
47-1011,-0.13330451646098024,-0.41219734759766813
47-2011,-0.17671519085240522,-0.7407347525854071
47-2021,-0.1838387727158089,-0.7946469097317762
47-2022,-0.19497852678952007,-0.8789539597116678
47-2031,-0.17275865630048787,-0.7107912049982261
47-2041,-0.17583722728634404,-0.7340902146759823
47-2042,-0.13238228354870465,-0.40521777374766693
47-2043,-0.19534120100019722,-0.8816987234293995
47-2044,-0.16002695292573796,-0.6144360839029358
47-2051,-0.1795043803814578,-0.7618436872596613
47-2053,-0.18847743601678701,-0.8297528928771624
47-2061,-0.19466197970059798,-0.876558291811806
47-2071,-0.16477277998133458,-0.6503530957260533
47-2072,-0.16812669338695757,-0.6757359312218001
47-2073,-0.16638961035768335,-0.6625894699265863
47-2081,-0.15294225602253744,-0.5608182129913992
47-2082,-0.11538121580227859,-0.27655156992258
47-2111,-0.19624949273514014,-0.8885727887083509
47-2121,-0.16815343717639164,-0.6759383315600437
47-2131,-0.16859288498936378,-0.6792641274875523
47-2132,-0.1502409277787602,-0.5403742234963645
47-2141,-0.16567291714971244,-0.6571654462268851
47-2142,-0.14675614940045298,-0.5140009855447195
47-2151,-0.1578699789499931,-0.5981118354881891
47-2152,-0.15804840770706055,-0.59946220660414
47-2161,-0.16633699908893648,-0.6621913012745319
47-2171,-0.17912480775509337,-0.7589710342217075
47-2181,-0.18195754321420632,-0.7804095299327429
47-2211,-0.18427770189989284,-0.7979687806110918
47-2221,-0.19179927241614472,-0.8548929655836663
47-2231,-0.17264021428938686,-0.7098948210669886
47-3011,-0.17248821237879572,-0.7087444516253968
47-3012,-0.18102917357268164,-0.7733835125494202
47-3013,-0.1957891944494673,-0.8850891937996034
47-3014,-0.1607552913350184,-0.6199482399404186
47-3015,-0.1785173779477494,-0.7543739295829367
47-3016,-0.16961368623106676,-0.6869896787640283
47-4011,-0.04952210483365149,0.22187840647756385
47-4021,-0.17450580841855945,-0.724013870414902
47-4031,-0.17785657456606346,-0.7493728870681697
47-4041,-0.15509398640550004,-0.5771027772411416
47-4051,-0.15241015607789588,-0.5567912141608722
47-4061,-0.19191821649397958,-0.8557931492186445
47-4071,-0.17301670103612105,-0.7127441197825313
47-4091,-0.17350045832862993,-0.7164052553846115
47-4099,-0.15913211515973924,-0.607663839941107
47-5011,-0.19837507826679668,-0.9046594854583987
47-5012,-0.1948383831514082,-0.8778933351570787
47-5013,-0.18887247426129344,-0.8327425916445856
47-5022,-0.19037098147584045,-0.8440834813802199
47-5023,-0.1805829412831293,-0.7700063708558964
47-5032,-0.18057615655097778,-0.7699550231556856
47-5041,-0.18036242090290447,-0.7683374450794223
47-5043,-0.19966785949457203,-0.9144434152347597
47-5044,-0.15872445762363493,-0.604578636798954
47-5051,-0.16688567699060627,-0.66634376415413
47-5071,-0.18915858771924932,-0.8349079340246952
47-5081,-0.20219572538969163,-0.9335746200129019
49-1011,-0.11432127889791621,-0.2685298350637744
49-2011,-0.1107511903402538,-0.24151095902109962
49-2021,-0.14849668406151825,-0.5271735692203732
49-2022,-0.14523795668378228,-0.5025111134706566
49-2091,-0.13595257612395253,-0.4322381938209066
49-2092,-0.18165032428143846,-0.7780844586835712
49-2093,-0.14111650467814663,-0.4713194499985839
49-2094,-0.1323898589654506,-0.4052751054476303
49-2095,-0.1365879455863914,-0.4370467492585837
49-2096,-0.14486420337516176,-0.4996825017561142
49-2097,-0.1204478097172666,-0.3148961853954425
49-2098,-0.14342174513990208,-0.4887657976952111
49-3011,-0.17671091168572056,-0.7407023673175486
49-3021,-0.15644998327567244,-0.5873651308936326
49-3022,-0.1435817995372361,-0.4899771093620804
49-3023,-0.17013213687933268,-0.6909133780150388
49-3031,-0.16363973141141094,-0.64177804265198
49-3041,-0.17383181925855246,-0.7189130362831404
49-3042,-0.1771945780251088,-0.7443628145750534
49-3043,-0.19149502351261316,-0.852590371886657
49-3051,-0.18084076338286573,-0.7719576007039318
49-3052,-0.18008861696436337,-0.7662652626794759
49-3053,-0.17219229333965366,-0.7065048993823337
49-3091,-0.18568347778962618,-0.8086078681001024
49-3092,-0.17772159962724474,-0.7483513798753065
49-3093,-0.1746465128806922,-0.7250787393557174
49-9011,-0.1952804388595874,-0.8812388679611924
49-9012,-0.14698053359096264,-0.515699153119948
49-9021,-0.18430302168682813,-0.798160403920593
49-9031,-0.18230179813530314,-0.7830148941667008
49-9041,-0.16274814670072407,-0.635030418218998
49-9043,-0.16820064985398342,-0.6762956430000518
49-9044,-0.1864048497308946,-0.8140673010376868
49-9045,-0.16467732765990725,-0.6496307006372549
49-9051,-0.19270785808523513,-0.8617692553929529
49-9052,-0.1514549171466258,-0.5495618466372769
49-9061,-0.10074059892614409,-0.16574955306068456
49-9062,-0.14685446500820898,-0.514745050342025
49-9063,-0.1603730030426006,-0.6170550344026362
49-9064,-0.14657091767062627,-0.5125991286813607
49-9071,-0.17816926519150975,-0.7517393687708454
49-9081,-0.16754117201013907,-0.6713046323212053
49-9091,-0.15448122711000226,-0.5724653383704679
49-9092,-0.19781966666574982,-0.900456061101
49-9094,-0.17635631606896554,-0.7380187434074871
49-9095,-0.205910055408267,-0.9616851334448672
49-9096,-0.17169324190433935,-0.7027280157975452
49-9097,-0.1705985487576587,-0.6944432413564606
49-9098,-0.1891005006002279,-0.8344683234539302
49-9099,-0.14646700213219987,-0.5118126829094135
51-1011,-0.1015258678189879,-0.1716925661073434
51-2011,-0.14110752020243783,-0.4712514543644242
51-2021,-0.11807566291105757,-0.2969434821286209
51-2022,-0.13490518037727098,-0.424311372009589
51-2023,-0.12631529857409948,-0.3593020738052096
51-2031,-0.1653520825220449,-0.6547373296983632
51-2041,-0.14373655072397643,-0.4911482856689033
51-2051,-0.15018687104937203,-0.5399651154176655
51-2061,-0.12925496145227955,-0.38154980957700957
51-2092,-0.13709084455372947,-0.4408527514462139
51-3011,-0.08310709938030093,-0.03229702639852923
51-3021,-0.14437761134005092,-0.4959999124680151
51-3022,-0.14754697097673858,-0.5199860219930937
51-3023,-0.14479030484749383,-0.4991232284701587
51-3091,-0.12933476710984781,-0.3821537887597425
51-3092,-0.10788359803013108,-0.21980866230864377
51-3093,-0.1099776151028875,-0.2356564450194167
51-4021,-0.14182931089664158,-0.47671405647651766
51-4022,-0.1336482347595326,-0.4147986506051953
51-4023,-0.1685361064114576,-0.6788344201193601
51-4031,-0.1507917949078921,-0.5445432547227901
51-4032,-0.12880632257871347,-0.37815445455513186
51-4033,-0.1529210655640934,-0.5606578409555969
51-4034,-0.12284479295283213,-0.33303685386124665
51-4035,-0.14577423531420264,-0.5065697371169984
51-4041,-0.13317156102931094,-0.41119112428711097
51-4051,-0.1746079782519466,-0.7247871044731057
51-4052,-0.15426215193484735,-0.5708073500864423
51-4061,-0.13350740667989808,-0.41373284611168865
51-4062,-0.09108267852503403,-0.0926572053687627
51-4071,-0.17694934851345792,-0.7425068870062317
51-4072,-0.16701732525848065,-0.6673400946858464
51-4081,-0.15640675175821211,-0.5870379493706728
51-4111,-0.09333798776340485,-0.10972566733132519
51-4121,-0.12363640206709454,-0.33902785049537837
51-4122,-0.14420081694729342,-0.494661910425264
51-4191,-0.17085667152774525,-0.696396746715254
51-4192,-0.15869057992928257,-0.6043222461773954
51-4193,-0.13709660279115118,-0.4408963305061192
51-4194,-0.1619430964509943,-0.6289376973930991
51-5111,-0.030917616809201187,0.3626794952043896
51-5112,-0.1671914487077089,-0.6686578826944166
51-5113,-0.15939687590787965,-0.6096675823467731
51-6011,-0.13512280626929687,-0.42595839193790536
51-6021,-0.1441479466835666,-0.49426178166685747
51-6031,-0.12437943885033846,-0.3446512456625729
51-6041,-0.11227152811560043,-0.25301706516710043
51-6042,-0.13786855481923102,-0.4467385598572133
51-6051,-0.10180717308444157,-0.17382151948614166
51-6052,-0.1112183505263538,-0.24504648564920475
51-6061,-0.1341434551767288,-0.4185465405664422
51-6062,-0.14831089497512334,-0.5257674942129026
51-6063,-0.16578517620096772,-0.6580150367458724
51-6064,-0.15792550749415318,-0.5985320824448848
51-6091,-0.14384720262557676,-0.4919857130785985
51-6092,-0.053876013517824735,0.18892748183276237
51-6093,-0.16827001518689214,-0.6768206085019571
51-7011,-0.18351514060774207,-0.7921976215222388
51-7021,-0.1566109166469246,-0.5885830947448819
51-7031,-0.15777472952440216,-0.5973909759404185
51-7032,-0.15079435640212166,-0.5445626404310029
51-7041,-0.16645249364503928,-0.6630653784982601
51-7042,-0.14581072128711903,-0.5068458675164553
51-8011,-0.03659787674772471,0.31969057862983014
51-8012,-0.011541974989743749,0.5093167721547305
51-8013,-0.12947005040658735,-0.3831776296438586
51-8021,-0.15180134664981543,-0.5521836683800785
51-8031,-0.13459335692317126,-0.42195145316795796
51-8091,-0.12070417797864752,-0.31683641241324584
51-8092,-0.10856333169958327,-0.22495297160526986
51-8093,-0.12837548881489713,-0.3748938508273704
51-8099,-0.14746300324676093,-0.5193505437266004
51-9011,-0.12518284568217392,-0.35073152889661496
51-9012,-0.13059835440034218,-0.3917167751729761
51-9021,-0.14825852166916614,-0.5253711264929575
51-9022,-0.18226824218608645,-0.7827609385525091
51-9023,-0.1682356630664131,-0.6765606273642248
51-9031,-0.1274735366624445,-0.3680677643004025
51-9032,-0.16522836360623233,-0.6538010094932806
51-9041,-0.1611581110187981,-0.6229968296120203
51-9051,-0.12976277411679948,-0.3853929992385423
51-9061,-0.10081055122422827,-0.16627896078833887
51-9071,-0.08967433693522639,-0.08199870034118113
51-9081,-0.11464048139049865,-0.2709455993901487
51-9082,-0.13815047989324203,-0.44887220402457617
51-9083,-0.10622395467628118,-0.20724827414783006
51-9111,-0.1369351112114264,-0.4396741420634391
51-9123,-0.11013161158075964,-0.23682190959527588
51-9124,-0.1605189039298242,-0.6181592305374772
51-9141,-0.1267706009279457,-0.3627478588779933
51-9151,-0.08579064501199607,-0.05260643486460587
51-9161,-0.13201321623500017,-0.40242462622784364
51-9162,-0.07131043780323655,0.05698158160238371
51-9191,-0.18023848080805255,-0.7673994509637486
51-9192,-0.14222931150547402,-0.479741311036868
51-9193,-0.157907263630183,-0.598394010604036
51-9194,-0.11414097553896267,-0.2671652767266464
51-9195,-0.15634271800924293,-0.5865533339618385
51-9196,-0.1450827223098441,-0.501336280342779
51-9197,-0.16796053916754214,-0.6744784553396632
51-9198,-0.1651865399038535,-0.6534844824906678
53-1041,-0.11986519874621966,-0.310486912809183
53-1042,-0.06531543545109322,0.10235250806874648
53-1043,-0.09347631225419245,-0.11077252435178617
53-2011,-0.07500253725417391,0.029039311882491453
53-2012,-0.14558335033483785,-0.5051250957551485
53-2021,-0.023993747687382695,0.4150802013820001
53-2022,-0.07069265364317508,0.06165704927558851
53-2031,-0.11326457667481893,-0.2605325806767352
53-3011,-0.1578061187864196,-0.5976285337953069
53-3031,-0.12810369137399438,-0.3728368538521256
53-3032,-0.1351978699236494,-0.4265264830481128
53-3033,-0.1742786697151506,-0.7222948563420645
53-3051,-0.09527145510264262,-0.12435838960912518
53-3052,-0.09971067976527885,-0.1579549962333284
53-3053,-0.11529164551477553,-0.27587369080107815
53-4011,-0.132723959075726,-0.4078036168051429
53-4013,-0.1625679016731053,-0.633666301340696
53-4022,-0.1408187896622515,-0.4690663055791692
53-4031,-0.09476905343383593,-0.12055615103888394
53-4041,-0.145354793811395,-0.5033953514432341
53-5011,-0.18630018119602879,-0.8132751564946507
53-5021,-0.15816065697495935,-0.6003117230814635
53-5022,-0.15927625694905553,-0.6087547230033065
53-5031,-0.18460773887661683,-0.8004665416664768
53-6011,-0.09511283628878309,-0.12315794261726876
53-6021,-0.10758556625027896,-0.21755312058004456
53-6031,-0.177545185788125,-0.7470162579100101
53-6041,-0.04644404157723134,0.24517357359554218
53-6051,-0.09319387863281625,-0.10863503143445533
53-6061,-0.08673395956669086,-0.05974555721714433
53-7011,-0.14422194976454605,-0.49482184622533143
53-7021,-0.16273336646981945,-0.6349185595857333
53-7031,-0.15701619420306387,-0.5916502859014439
53-7041,-0.16582609844038065,-0.6583247413641832
53-7051,-0.15925204722621994,-0.6085715007975383
53-7061,-0.14970700971473302,-0.5363334649112776
53-7062,-0.15095161589766282,-0.5457527999320719
53-7063,-0.13383055496183874,-0.4161784726646823
53-7064,-0.13422234748356904,-0.4191436073968048
53-7065,-0.11123375888666145,-0.2451630980442334
53-7071,-0.16185892702646631,-0.6283006926770609
53-7072,-0.15939427385437555,-0.6096478896809054
53-7073,-0.15156354391234983,-0.5503839475657581
53-7081,-0.1459351414707998,-0.5077874950043402
53-7121,-0.17387431095946537,-0.71923461878208
