season,week,rule_regime,n_active,observed_eliminated,observed_eliminated_name,observed_eliminated_partner,model_map_eliminated,model_elim_prob_observed,model_log_prob_observed,rank_of_observed_eliminated,map_matches_observed,random_log_prob_observed,random_elim_prob_observed,random_match_expected,judges_only_log_prob_observed,judges_only_elim_prob_observed,judges_only_map_eliminated,judges_only_map_matches_observed
1,2,rank,6,5,Trista Sutter,Louis van Amstel,0,0.09719789962209965,-2.331006176575353,2,False,-1.791759469228055,0.16666666666666666,0.16666666666666666,-1.8621485864792318,0.1553385133274156,0,False
1,3,rank,5,0,Evander Holyfield,Edyta Sliwinska,0,0.5909854262787984,-0.5259639213068246,1,True,-1.6094379124341003,0.2,0.2,-0.8762196627812853,0.4163538985193973,0,True
1,4,rank,4,3,Rachel Hunter,Jonathan Roberts,1,0.24606559785093823,-1.402157120666038,3,False,-1.3862943611198906,0.25,0.25,-1.7593391158814664,0.1721586031213346,0,False
10,2,percent,11,10,Shannen Doherty,Mark Ballas,1,0.09410616709678406,-2.363331696846656,5,False,-2.3978952727983707,0.09090909090909091,0.09090909090909091,-2.3979374619751015,0.09090525561029271,1,False
10,3,percent,10,1,Buzz Aldrin,Ashly DelGrosso,1,0.10564944611063283,-2.2476287776159456,1,True,-2.302585092994046,0.1,0.1,-2.2855803194001854,0.10171501777754954,1,True
10,4,percent,9,0,Aiden Turner,Edyta Sliwinska,5,0.11712389380207934,-2.144522983060857,2,False,-2.1972245773362196,0.1111111111111111,0.1111111111111111,-2.186761646243438,0.11227976210644255,5,False
10,5,percent,8,4,Kate Gosselin,Tony Dovolani,4,0.13348444515103502,-2.013770323652901,1,True,-2.0794415416798357,0.125,0.125,-2.0613681860345956,0.12727970839141836,4,True
10,6,percent,7,3,Jake Pavelka,Chelsie Hightower,3,0.15272075088649514,-1.8791441828238828,1,True,-1.9459101490553132,0.14285714285714285,0.14285714285714285,-1.9349353823881839,0.14443360147640527,3,True
10,7,percent,6,5,Pamela Anderson,Damian Whitewood,4,0.1780397272000519,-1.7257485670753119,2,False,-1.791759469228055,0.16666666666666666,0.16666666666666666,-1.7904933918682082,0.16687781319568964,4,False
10,8,percent,5,4,Niecy Nash,Louis van Amstel,4,0.21933552949109603,-1.5171526234977206,1,True,-1.6094379124341003,0.2,0.2,-1.5952634383310673,0.2028550816587188,4,True
10,9,percent,4,0,Chad Ochocinco,Cheryl Burke,0,0.2785048639288387,-1.278319755031798,1,True,-1.3862943611198906,0.25,0.25,-1.3768772536828888,0.25236539697734905,0,True
11,1,percent,12,3,David Hasselhoff,Kym Johnson,3,0.0867197198811685,-2.445073971448595,1,True,-2.4849066497880004,0.08333333333333333,0.08333333333333333,-2.476753320930495,0.08401555481351362,3,True
11,2,percent,11,8,Michael Bolton,Chelsie Hightower,8,0.0957701896838185,-2.3458038148322298,1,True,-2.3978952727983707,0.09090909090909091,0.09090909090909091,-2.380569872994709,0.09249785046086316,8,True
11,3,percent,10,7,Margaret Cho,Louis van Amstel,7,0.10532904462108696,-2.2506660705148303,1,True,-2.302585092994046,0.1,0.1,-2.2938084903741527,0.10088152299194543,7,True
11,4,percent,9,8,The Situation,Karina Smirnoff,8,0.11778752811583053,-2.138872886749679,1,True,-2.1972245773362196,0.1111111111111111,0.1111111111111111,-2.181695915808037,0.11284998419090729,8,True
11,5,percent,8,3,Florence Henderson,Corky Ballas,2,0.13183144713588457,-2.0262310879844514,2,False,-2.0794415416798357,0.125,0.125,-2.0749104197650334,0.12556767537125987,2,False
11,6,percent,7,0,Audrina Patridge,Tony Dovolani,4,0.15014632414572188,-1.8961449660664411,5,False,-1.9459101490553132,0.14285714285714285,0.14285714285714285,-1.951509736579889,0.14205943727767142,4,False
11,7,percent,6,5,Rick Fox,Cheryl Burke,1,0.1779878554079507,-1.7260399590629116,2,False,-1.791759469228055,0.16666666666666666,0.16666666666666666,-1.7911968344891434,0.1667604655079208,1,False
11,8,percent,5,3,Kurt Warner,Anna Trebunskaya,1,0.21816854724830523,-1.522487362406327,2,False,-1.6094379124341003,0.2,0.2,-1.6005298076595817,0.2017895800037637,1,False
11,9,percent,4,0,Brandy,Maksim Chmerkoskiy,1,0.2759812782005279,-1.2874222481725053,2,False,-1.3862943611198906,0.25,0.25,-1.3863084128270475,0.24999648709789196,1,False
12,2,percent,11,5,Mike Catherwood,Lacey Schwimmer,5,0.09465893883671339,-2.357474964827663,1,True,-2.3978952727983707,0.09090909090909091,0.09090909090909091,-2.3921253023477527,0.09143514989023047,5,True
12,3,percent,10,9,Wendy Williams,Tony Dovolani,9,0.10541607683417795,-2.249840122873075,1,True,-2.302585092994046,0.1,0.1,-2.2884323397789164,0.10142533775704113,9,True
12,4,percent,9,8,Sugar Ray Leonard,Anna Trebunskaya,3,0.11644135892235329,-2.15036748959266,2,False,-2.1972245773362196,0.1111111111111111,0.1111111111111111,-2.192893383559635,0.11159339855029728,3,False
12,5,percent,8,5,Petra Nemcova,Dmitry Chaplin,3,0.13188232132556144,-2.025845259132171,1,False,-2.0794415416798357,0.125,0.125,-2.073958234427426,0.12568729601209808,3,False
12,6,percent,7,1,Chris Jericho,Cheryl Burke,1,0.15242747562502307,-1.8810663657257725,1,True,-1.9459101490553132,0.14285714285714285,0.14285714285714285,-1.936146667228328,0.14425875715904277,1,True
12,7,percent,6,2,Kendra Wilkinson,Louis van Amstel,3,0.1783058261498594,-1.7242550785399995,2,False,-1.791759469228055,0.16666666666666666,0.16666666666666666,-1.7894604855245388,0.16705027139881026,3,False
12,8,percent,5,4,Romeo,Chelsie Hightower,3,0.13468263912938203,-2.0048340893259966,5,False,-1.6094379124341003,0.2,0.2,-1.6094545569773986,0.1999966711190443,3,False
12,9,percent,4,3,Ralph Macchio,Karina Smirnoff,3,0.2812105275929276,-1.2686516816492333,1,True,-1.3862943611198906,0.25,0.25,-1.3647914554832608,0.25543393978147916,3,True
13,1,percent,12,8,Metta World Peace (Ron),Peta Murgatroyd,8,0.0868028517445469,-2.444115803655671,1,True,-2.4849066497880004,0.08333333333333333,0.08333333333333333,-2.4760060018425487,0.08407836470790346,8,True
13,2,percent,11,4,Elisabetta Canalis,Valentin Chmerkovskiy,1,0.09398059442987584,-2.364666960259628,5,False,-2.3978952727983707,0.09090909090909091,0.09090909090909091,-2.3994485190051633,0.09076799631416232,1,False
13,3,percent,10,6,Kristin Cavallari,Mark Ballas,1,0.06466015213609094,-2.7386101538250918,10,False,-2.302585092994046,0.1,0.1,-2.3031973477128744,0.09993879326708463,1,False
13,4,percent,9,2,Chynna Phillips,Tony Dovolani,0,0.11654884204100951,-2.1494448488478,2,False,-2.1972245773362196,0.1111111111111111,0.1111111111111111,-2.192205454453831,0.11167019330882182,0,False
13,5,percent,8,0,Carson Kressley,Anna Trebunskaya,0,0.13265762478679602,-2.019983719561855,1,True,-2.0794415416798357,0.125,0.125,-2.068120594276433,0.12642315897964093,0,True
13,6,percent,7,0,Chaz Bono,Lacey Schwimmer,0,0.15307780542511404,-1.8768089546580884,1,True,-1.9459101490553132,0.14285714285714285,0.14285714285714285,-1.932508320807896,0.1447845764681217,0,True
13,7,percent,6,0,David Arquette,Kym Johnson,3,0.17833797455920755,-1.7240747955272495,2,False,-1.791759469228055,0.16666666666666666,0.16666666666666666,-1.7888055590401406,0.16715971287992562,3,False
13,8,percent,5,2,Nancy Grace,Tristan MacManus,2,0.21945403986594522,-1.5166124539676906,1,True,-1.6094379124341003,0.2,0.2,-1.5952103240100923,0.2028658564547829,2,True
13,9,percent,4,0,Hope Solo,Maksim Chmerkoskiy,0,0.2813934321858164,-1.2680014743545507,1,True,-1.3862943611198906,0.25,0.25,-1.3659044941058573,0.2551497901050976,0,True
14,2,percent,12,7,Martina Navratilova,Tony Dovolani,7,0.0868453854125922,-2.443625920549545,1,True,-2.4849066497880004,0.08333333333333333,0.08333333333333333,-2.4753768801077083,0.08413127687692362,7,True
14,3,percent,11,3,Jack Wagner,Anna Trebunskaya,1,0.09437314389906498,-2.3604987389010277,1,False,-2.3978952727983707,0.09090909090909091,0.09090909090909091,-2.3954379195192725,0.0911327613678494,1,False
14,4,percent,10,8,Sherri Sheperd,Valentin Chmerkovskiy,2,0.10438577764604508,-2.259661842257685,2,False,-2.302585092994046,0.1,0.1,-2.2979178611078375,0.10046781403771643,2,False
14,5,percent,9,1,Gavin DeGraw,Karina Smirnoff,1,0.11741297449366417,-2.1420578624162747,1,True,-2.1972245773362196,0.1111111111111111,0.1111111111111111,-2.184792551435068,0.11250106941912473,1,True
14,6,percent,8,1,Gladys Knight,Tristan MacManus,1,0.1332382323152281,-2.0156165326672997,1,True,-2.0794415416798357,0.125,0.125,-2.064327452393624,0.12690361059343475,1,True
14,7,percent,7,1,Jaleel White,Kym Johnson,4,0.151280712946285,-1.8886181418833559,2,False,-1.9459101490553132,0.14285714285714285,0.14285714285714285,-1.9440722559199703,0.1431199404422993,4,False
14,8,percent,6,3,Melissa Gilbert,Maksim Chmerkoskiy,3,0.17873135195339557,-1.7218714275864724,1,True,-1.791759469228055,0.16666666666666666,0.16666666666666666,-1.7866916881166073,0.1675134406722983,3,True
14,9,percent,4,2,Maria Menounos,Derek Hough,1,0.275163162129056,-1.2903910404254773,3,False,-1.3862943611198906,0.25,0.25,-1.389387405177957,0.2492279336186748,1,False
15,1,percent,13,10,Pamela Anderson,Tristan MacManus,10,0.07980134799876917,-2.5282148824538933,1,True,-2.5649493574615367,0.07692307692307693,0.07692307692307693,-2.557638241175516,0.07748753136528683,10,True
15,2,percent,12,6,Joey Fatone,Kym Johnson,1,0.08610304327066641,-2.4522105224046156,4,False,-2.4849066497880004,0.08333333333333333,0.08333333333333333,-2.4840546615218266,0.08340436260927271,1,False
15,3,percent,11,2,Drew Lachey,Anna Trebunskaya,1,0.09433616282439036,-2.3608906758519934,2,False,-2.3978952727983707,0.09090909090909091,0.09090909090909091,-2.395728336284345,0.09110629872888383,1,False
15,4,percent,9,1,Bristol Palin,Mark Ballas,5,0.11658284953160969,-2.1491531039493523,2,False,-2.1972245773362196,0.1111111111111111,0.1111111111111111,-2.191748231207693,0.11172126319138237,5,False
15,6,percent,8,6,Sabrina Bryan,Louis van Amstel,1,0.13071132813160327,-2.0347639893335114,6,False,-2.0794415416798357,0.125,0.125,-2.083114519869094,0.12454171986801989,1,False
15,8,percent,7,2,Gilles Marini,Peta Murgatroyd,4,0.15071997165606527,-1.8923316562109935,4,False,-1.9459101490553132,0.14285714285714285,0.14285714285714285,-1.9478404035877,0.14258165817297447,4,False
15,9,percent,5,0,Apolo Anton Ohno,Karina Smirnoff,1,0.21595195570975395,-1.5326993233082435,3,False,-1.6094379124341003,0.2,0.2,-1.610824811433398,0.19972281246013188,1,False
16,2,percent,12,3,Dorothy Hamill,Tristan MacManus,3,0.08690212211828095,-2.442972826775577,1,True,-2.4849066497880004,0.08333333333333333,0.08333333333333333,-2.474572400937288,0.08419898596837713,3,True
16,3,percent,11,9,Wynonna Judd,Tony Dovolani,9,0.09532059635898005,-2.3505093703823707,1,True,-2.3978952727983707,0.09090909090909091,0.09090909090909091,-2.385089894333073,0.09208070167395246,9,True
16,4,percent,10,6,Lisa Vanderpump,Gleb Savchenko,6,0.10486029486219736,-2.2551263398810195,1,True,-2.302585092994046,0.1,0.1,-2.2932991458218273,0.10093291953427493,6,True
16,5,percent,9,2,D. L. Hughley,Cheryl Burke,1,0.11728456705994367,-2.1431521000949734,1,False,-2.1972245773362196,0.1111111111111111,0.1111111111111111,-2.18541966827508,0.11243054022130791,1,False
16,6,percent,8,6,Victor Ortiz,Lindsay Arnold,6,0.13233503738435995,-2.0224184100860647,1,True,-2.0794415416798357,0.125,0.125,-2.0705018478808297,0.12612247152526773,6,True
16,7,percent,7,1,Andy Dick,Sharna Burgess,1,0.1545573817047962,-1.8671898489771777,1,True,-1.9459101490553132,0.14285714285714285,0.14285714285714285,-1.9220664765025535,0.14630431510218325,1,True
16,8,percent,6,4,Sean Lowe,Peta Murgatroyd,4,0.18041877992074837,-1.71247457521555,1,True,-1.791759469228055,0.16666666666666666,0.16666666666666666,-1.776811034598333,0.1691767868807052,4,True
16,9,percent,5,1,Ingo Rademacher,Kym Johnson,1,0.21833944830583824,-1.5217043248995417,1,True,-1.6094379124341003,0.2,0.2,-1.6003773444840688,0.2018203478293371,1,True
16,10,percent,4,0,Alexandra Raisman,Mark Ballas,1,0.2762358620238788,-1.286500205653927,2,False,-1.3862943611198906,0.25,0.25,-1.3852875824201984,0.2502518214178723,1,False
17,2,percent,12,8,Keyshawn Johnson,Sharna Burgess,2,0.08665996807711435,-2.445763231039766,2,False,-2.4849066497880004,0.08333333333333333,0.08333333333333333,-2.4774974847816917,0.08395305673197388,2,False
17,3,percent,11,2,Bill Nye,Tyne Stecklein,2,0.09538380663652635,-2.3498464566911474,1,True,-2.3978952727983707,0.09090909090909091,0.09090909090909091,-2.3845720905351775,0.09212839375749753,2,True
17,4,percent,10,9,Valerie Harper,Tristan MacManus,9,0.10508435896910673,-2.252991832639303,1,True,-2.302585092994046,0.1,0.1,-2.2912044867428807,0.10114456117169747,9,True
17,5,percent,9,3,Christina Milian,Mark Ballas,7,0.11551342868940602,-2.1583684900694795,8,False,-2.1972245773362196,0.1111111111111111,0.1111111111111111,-2.2010403679349198,0.11068794225325078,7,False
17,7,percent,8,7,"Nicole ""Snooki"" Polizzi",Sasha Farber,1,0.1313561634742279,-2.0298428398995045,3,False,-2.0794415416798357,0.125,0.125,-2.077975755944533,0.1251833575655358,1,False
17,8,percent,7,2,Brant Daugherty,Peta Murgatroyd,1,0.15110134377482412,-1.8898045164615578,3,False,-1.9459101490553132,0.14285714285714285,0.14285714285714285,-1.9448662314010943,0.1430063518179867,1,False
17,9,percent,6,3,Elizabeth Berkley Lauren,Valentin Chmerkovskiy,1,0.17681639524322004,-1.732643399801927,5,False,-1.791759469228055,0.16666666666666666,0.16666666666666666,-1.7970547480871744,0.16578645273602,1,False
17,10,percent,5,4,Leah Remini,Tony Dovolani,1,0.21766821129066036,-1.5247833421172468,2,False,-1.6094379124341003,0.2,0.2,-1.602711031902551,0.20134991136214994,1,False
17,11,percent,4,1,Bill Engvall,Emma Slater,1,0.2795009268622261,-1.27474967024856,1,True,-1.3862943611198906,0.25,0.25,-1.373401438941609,0.25324409856165814,1,True
18,2,percent,11,1,Billy Dee Williams,Emma Slater,1,0.0954608671532005,-2.3490388835026272,1,True,-2.3978952727983707,0.09090909090909091,0.09090909090909091,-2.3839628864127436,0.0921845358540298,1,True
18,5,percent,9,3,Cody Simpson,Witney Carson,5,0.07240158085647344,-2.6255271447946837,9,False,-2.1972245773362196,0.1111111111111111,0.1111111111111111,-2.1946198913769295,0.11140089790009805,5,False
18,6,percent,8,4,Drew Carey,Cheryl Burke,1,0.13190867176684576,-2.0256454764097738,1,False,-2.0794415416798357,0.125,0.125,-2.07399053193615,0.12568323669111195,1,False
18,7,percent,7,6,NeNe Leakes,Tony Dovolani,6,0.1519073410507686,-1.884484542366687,1,True,-1.9459101490553132,0.14285714285714285,0.14285714285714285,-1.9400292927888014,0.1436997403499054,6,True
18,8,percent,6,3,Danica McKellar,Valentin Chmerkovskiy,1,0.17777000656508382,-1.7272646621173315,3,False,-1.791759469228055,0.16666666666666666,0.16666666666666666,-1.792465457632428,0.16654904345780075,1,False
18,9,percent,5,2,Charlie White,Sharna Burgess,1,0.21644360233588006,-1.5304252627687627,2,False,-1.6094379124341003,0.2,0.2,-1.6089471426398296,0.20009817804829388,1,False
18,10,percent,4,2,James Maslow,Peta Murgatroyd,1,0.17159894089051939,-1.7625952639139921,4,False,-1.3862943611198906,0.25,0.25,-1.3876935344718075,0.24965045125868834,1,False
19,1,percent,13,7,Lolo Jones,Keo Motsepe,3,0.07987576651219318,-2.5272827699336986,2,False,-2.5649493574615367,0.07692307692307693,0.07692307692307693,-2.556538870393198,0.07757276573676794,3,False
19,2,percent,12,10,Tavis Smiley,Sharna Burgess,7,0.08627993933588533,-2.4501581605689235,2,False,-2.4849066497880004,0.08333333333333333,0.08333333333333333,-2.482078160592289,0.08356937442878579,7,False
19,3,percent,11,8,Randy Couture,Karina Smirnoff,8,0.09491060592975607,-2.354819820603914,1,True,-2.3978952727983707,0.09090909090909091,0.09090909090909091,-2.389735557512987,0.09165391786310013,8,True
19,4,percent,10,3,Betsey Johnson,Tony Dovolani,5,0.10437512277991298,-2.259763919477314,4,False,-2.302585092994046,0.1,0.1,-2.2981757629365966,0.10044190654568305,5,False
19,6,percent,9,4,Jonathan Bennett,Allison Holker,1,0.1160566768845903,-2.1536766133661986,4,False,-2.1972245773362196,0.1111111111111111,0.1111111111111111,-2.196341810708549,0.1112092395978676,1,False
19,7,percent,8,1,Antonio Sabato Jr.,Cheryl Burke,5,0.13188067537086698,-2.0258577396902107,2,False,-2.0794415416798357,0.125,0.125,-2.0743010170587457,0.12564421997332834,5,False
19,8,percent,7,4,Michael Waltrip,Emma Slater,4,0.15394911117722287,-1.871133178079266,1,True,-1.9459101490553132,0.14285714285714285,0.14285714285714285,-1.926056549486569,0.14572171329187236,4,True
19,9,percent,6,3,Lea Thompson,Artem Chigvintsev,5,0.17808906255931714,-1.7254715023672653,2,False,-1.791759469228055,0.16666666666666666,0.16666666666666666,-1.790312104198466,0.16690806882797926,5,False
19,10,percent,5,4,Tommy Chong,Peta Murgatroyd,4,0.21941056525507643,-1.5168105770813056,1,True,-1.6094379124341003,0.2,0.2,-1.5951842533125964,0.20287114537810141,4,True
19,11,percent,4,1,Bethany Mota,Derek Hough,1,0.2769305384287754,-1.2839885680363308,1,True,-1.3862943611198906,0.25,0.25,-1.3830133219576948,0.2508216069157175,1,True
2,1,rank,10,4,Kenny Mayne,Andrea Hale,6,0.2433399932028126,-1.413295664555716,2,False,-2.302585092994046,0.1,0.1,-1.4388908785068164,0.23719068613389852,6,False
2,2,rank,9,7,Tatum O'Neal,Nick Kosovich,5,0.24411533644357467,-1.410114475029303,2,False,-2.1972245773362196,0.1111111111111111,0.1111111111111111,-1.4300201625794964,0.23930409720722834,5,False
2,3,rank,8,2,Giselle Fernandez,Jonathan Roberts,5,0.12084478386773506,-2.113248334801926,3,False,-2.0794415416798357,0.125,0.125,-2.1285595558115897,0.11900859568745291,5,False
2,4,rank,7,4,Master P,Ashly DelGrosso,4,0.41632398066116844,-0.8762915221617007,1,True,-1.9459101490553132,0.14285714285714285,0.14285714285714285,-0.9348785067420078,0.3926335649648846,4,True
2,5,rank,6,5,Tia Carrere,Maksim Chmerkoskiy,5,0.4319059081484765,-0.8395475196728865,1,True,-1.791759469228055,0.16666666666666666,0.16666666666666666,-0.9144286374418842,0.40074553168268495,5,True
2,6,rank,5,1,George Hamilton,Edyta Sliwinska,1,0.35632830311206054,-1.0319027733420714,1,True,-1.6094379124341003,0.2,0.2,-1.089881226363377,0.33625642973401015,1,True
2,7,rank,4,2,Lisa Rinna,Louis van Amstel,1,0.3335816605889821,-1.0978675842623358,2,False,-1.3862943611198906,0.25,0.25,-1.2777883497571327,0.2786529022132293,1,False
20,2,percent,12,6,Redfoo,Emma Slater,1,0.08578223021925369,-2.4559434009395424,8,False,-2.4849066497880004,0.08333333333333333,0.08333333333333333,-2.4877622797764114,0.08309570362038132,1,False
20,3,percent,11,0,Charlotte McKinney,Keo Motsepe,0,0.0950431117262065,-2.3534246826768643,1,True,-2.3978952727983707,0.09090909090909091,0.09090909090909091,-2.3881457168919002,0.09179974887811958,0,True
20,4,percent,10,1,Michael Sam,Peta Murgatroyd,0,0.10426152138329409,-2.2608529075436348,3,False,-2.302585092994046,0.1,0.1,-2.2989536722115798,0.10036380223795557,0,False
20,5,percent,9,7,Suzanne Somers,Tony Dovolani,5,0.11661830560800852,-2.148849022465272,4,False,-2.1972245773362196,0.1111111111111111,0.1111111111111111,-2.1914988894567387,0.11174912343998258,5,False
20,6,percent,8,3,Patti LaBelle,Artem Chigvintsev,5,0.13147865761762803,-2.028910740022023,2,False,-2.0794415416798357,0.125,0.125,-2.0771421745888627,0.12528775158285096,5,False
20,7,percent,7,6,Willow Shields,Mark Ballas,0,0.09350669516059826,-2.3697222392553794,7,False,-1.9459101490553132,0.14285714285714285,0.14285714285714285,-1.950996152070018,0.14213241554278735,0,False
20,8,percent,6,0,Chris Soules,Witney Carson,4,0.1790461210034188,-1.720111847092846,3,False,-1.791759469228055,0.16666666666666666,0.16666666666666666,-1.7845142679554393,0.16787858520755386,4,False
20,9,percent,4,0,Nastia Liukin,Derek Hough,1,0.27535527169196794,-1.2896931180348443,3,False,-1.3862943611198906,0.25,0.25,-1.3885611561405125,0.24943394305476063,1,False
21,2,percent,13,5,Chaka Khan,Keo Motsepe,5,0.0800187241342911,-2.525494620015438,1,True,-2.5649493574615367,0.07692307692307693,0.07692307692307693,-2.554788453106803,0.07770866935618914,5,True
21,4,percent,10,5,Gary Busey,Anna Trebunskaya,5,0.10548855629515813,-2.249152803085377,1,True,-2.302585092994046,0.1,0.1,-2.28735597361774,0.10153456733345281,5,True
21,6,percent,9,7,Paula Deen,Louis van Amstel,7,0.11789958700923456,-2.137921974335239,1,True,-2.1972245773362196,0.1111111111111111,0.1111111111111111,-2.1809434378619548,0.11293493327237349,7,True
21,7,percent,8,5,Hayes Grier,Emma Slater,0,0.08160849348156732,-2.505821935644816,8,False,-2.0794415416798357,0.125,0.125,-2.08024685965998,0.12489937577516896,0,False
21,8,percent,7,2,Andy Grammer,Allison Holker,2,0.1523648404540019,-1.8814773680286432,1,True,-1.9459101490553132,0.14285714285714285,0.14285714285714285,-1.9368593023779883,0.14415598992016745,2,True
21,9,percent,6,1,Alexa PenaVega,Mark Ballas,5,0.1764440851211906,-1.7347512509801528,5,False,-1.791759469228055,0.16666666666666666,0.16666666666666666,-1.7992188145725572,0.16542806775425264,5,False
21,11,percent,4,2,Carlos PenaVega,Witney Carson,0,0.27543211362865955,-1.2894140922646902,2,False,-1.3862943611198906,0.25,0.25,-1.3883084005513433,0.24949699684625964,0,False
22,2,percent,12,2,Geraldo Rivera,Edyta Sliwinska,2,0.0871725965073712,-2.4398652576938678,1,True,-2.4849066497880004,0.08333333333333333,0.08333333333333333,-2.471539054902529,0.08445477838591994,2,True
22,3,percent,11,6,Mischa Barton,Artem Chigvintsev,6,0.09479812239077347,-2.3560056759218018,1,True,-2.3978952727983707,0.09090909090909091,0.09090909090909091,-2.3908142216850115,0.09155510736692718,6,True
22,4,percent,10,5,Marla Maples,Tony Dovolani,1,0.10449908099593842,-2.2585770019131814,3,False,-2.302585092994046,0.1,0.1,-2.296809377084435,0.1005792427515082,1,False
22,6,percent,9,1,Doug Flutie,Karina Smirnoff,1,0.11697006609898782,-2.1458372222261715,1,True,-2.1972245773362196,0.1111111111111111,0.1111111111111111,-2.1884222480720448,0.11209346485376338,1,True
22,7,percent,8,3,Kim Fields,Sasha Farber,2,0.13139590906061915,-2.029540306897112,2,False,-2.0794415416798357,0.125,0.125,-2.077782809361368,0.1252075135969841,2,False
22,8,percent,6,2,Jodie Sweetin,Keo Motsepe,5,0.17694514726096536,-1.7319154969184265,4,False,-1.791759469228055,0.16666666666666666,0.16666666666666666,-1.7969123133352571,0.165810068170076,5,False
22,9,percent,5,0,Antonio Brown,Sharna Burgess,0,0.21713978515650995,-1.5272139616027487,1,True,-1.6094379124341003,0.2,0.2,-1.6054800083834435,0.2007931493793115,0,True
23,2,percent,13,3,Jake T. Austin,Jenna Johnson,9,0.07953549586039349,-2.531551868158339,2,False,-2.5649493574615367,0.07692307692307693,0.07692307692307693,-2.560815095733403,0.07724175535211932,9,False
23,3,percent,12,8,Rick Perry,Emma Slater,8,0.08653628380749945,-2.447191487012912,1,True,-2.4849066497880004,0.08333333333333333,0.08333333333333333,-2.478961961313531,0.08383019943338658,8,True
23,4,percent,11,1,Babyface,Allison Holker,1,0.0950831517840363,-2.35300348828023,1,True,-2.3978952727983707,0.09090909090909091,0.09090909090909091,-2.3875126908193884,0.09185787890958107,1,True
23,6,percent,9,0,Amber Rose,Maksim Chmerkoskiy,0,0.11701321627682877,-2.1454683909328245,1,True,-2.1972245773362196,0.1111111111111111,0.1111111111111111,-2.1880950651866393,0.11213014591741023,0,True
23,7,percent,8,5,Maureen McCormick,Artem Chigvintsev,4,0.13151240278419352,-2.0286541140614363,2,False,-2.0794415416798357,0.125,0.125,-2.0769733335533704,0.1253089070824707,4,False
23,8,percent,7,5,Ryan Lochte,Cheryl Burke,4,0.15187267460754678,-1.8847127762305715,3,False,-1.9459101490553132,0.14285714285714285,0.14285714285714285,-1.939560240328382,0.14376715887685504,4,False
23,9,percent,6,4,Marilu Henner,Derek Hough,1,0.17848057379930507,-1.7232755139408793,1,False,-1.791759469228055,0.16666666666666666,0.16666666666666666,-1.7879385171587296,0.16730471020216905,1,False
23,10,percent,5,4,Terra Jole,Sasha Farber,0,0.21579895075979622,-1.533408088265399,4,False,-1.6094379124341003,0.2,0.2,-1.6117050209394228,0.19954709188883835,0,False
23,11,percent,4,2,Jana Kramer,Gleb Savchenko,2,0.27811898027907045,-1.2797062702362867,1,True,-1.3862943611198906,0.25,0.25,-1.3783908915775605,0.25198369610051236,2,True
24,2,percent,12,2,Chris Kattan,Witney Carson,2,0.08669708085041138,-2.445335065307901,1,True,-2.4849066497880004,0.08333333333333333,0.08333333333333333,-2.477212281393757,0.08397700384291758,2,True
24,3,percent,11,1,Charo,Keo Motsepe,0,0.09476913539538795,-2.35631149873055,1,False,-2.3978952727983707,0.09090909090909091,0.09090909090909091,-2.3909374282765277,0.0915438278690811,0,False
24,4,percent,10,4,Mr. T,Kym Herjavec,4,0.10462174055991737,-2.2574039042069565,1,True,-2.302585092994046,0.1,0.1,-2.295908899968314,0.10066985284799923,4,True
24,5,percent,9,2,Erika Jayne,Gleb Savchenko,1,0.11626128598815738,-2.1519151554578997,3,False,-2.1972245773362196,0.1111111111111111,0.1111111111111111,-2.1944660909717526,0.11141803272096958,1,False
24,6,percent,8,2,Heather Morris,Maksim Chmerkoskiy,4,0.13038325339417872,-2.0372770626280343,7,False,-2.0794415416798357,0.125,0.125,-2.0853947386599656,0.1242580610231481,4,False
24,7,percent,7,2,Nancy Kerrigan,Artem Chigvintsev,0,0.15094083331992955,-1.8908673512719019,4,False,-1.9459101490553132,0.14285714285714285,0.14285714285714285,-1.9456673485405107,0.14289183285617618,0,False
24,8,percent,5,0,Bonner Bolton,Sharna Burgess,0,0.21958780883869877,-1.516003086194265,1,True,-1.6094379124341003,0.2,0.2,-1.593467751475056,0.20321967311059896,0,True
24,9,percent,4,3,Simone Biles,Sasha Farber,0,0.2742005349274522,-1.2938955609898442,3,False,-1.3862943611198906,0.25,0.25,-1.3929570563915696,0.24833986281748663,0,False
25,2,percent,13,0,Barbara Corcoran,Keo Motsepe,0,0.07976651588416966,-2.5286514630322774,1,True,-2.5649493574615367,0.07692307692307693,0.07692307692307693,-2.55795919128347,0.07746266572425858,0,True
25,4,percent,11,0,Derek Fisher,Sharna Burgess,5,0.09459981641310185,-2.358099743591073,2,False,-2.3978952727983707,0.09090909090909091,0.09090909090909091,-2.395039342344291,0.09116909204623229,5,False
25,5,percent,10,6,Sasha Pieterse,Gleb Savchenko,4,0.10431135755182071,-2.2603750297895426,2,False,-2.302585092994046,0.1,0.1,-2.298781804133351,0.1003810530541598,4,False
25,6,percent,9,4,Nick Lachey,Peta Murgatroyd,4,0.11737755941610555,-2.1423595362294177,1,True,-2.1972245773362196,0.1111111111111111,0.1111111111111111,-2.184859545630951,0.1124935327529023,4,True
25,7,percent,8,4,Nikki Bella,Artem Chigvintsev,4,0.13201974766079907,-2.0248037640943504,1,True,-2.0794415416798357,0.125,0.125,-2.073114415829059,0.12579339804919198,4,True
25,8,percent,6,4,Terrell Owens,Cheryl Burke,0,0.1782399370276087,-1.7246246755443984,2,False,-1.791759469228055,0.16666666666666666,0.16666666666666666,-1.790014360392152,0.1669577720707458,0,False
25,9,percent,5,4,Victoria Arlen,Valentin Chmerkovskiy,0,0.21544236915884413,-1.5350618337009547,3,False,-1.6094379124341003,0.2,0.2,-1.61297080528836,0.19929466809379703,0,False
25,10,percent,4,0,Drew Scott,Emma Slater,0,0.27730399536225525,-1.2826409183781733,1,True,-1.3862943611198906,0.25,0.25,-1.3814597495529772,0.25121157928945187,0,True
26,1,percent,10,3,Jamie Anderson,Artem Chigvintsev,7,0.10439983484147336,-2.2595271855130745,3,False,-2.302585092994046,0.1,0.1,-2.29808640327383,0.10045088240161339,7,False
26,2,percent,8,1,Arike Ogunbowale,Gleb Savchenko,5,0.08143973197949167,-2.5078920172033694,8,False,-2.0794415416798357,0.125,0.125,-2.0822194584695,0.12465324225635994,5,False
26,3,percent,6,1,Chris Mazdzer,Witney Carson,2,0.17871904876970465,-1.7219402661367769,2,False,-1.791759469228055,0.16666666666666666,0.16666666666666666,-1.7869292707251185,0.16747364711941792,2,False
27,1,percent,13,11,Nikki Glaser,Gleb Savchenko,5,0.0795324973575847,-2.5315895690527612,2,False,-2.5649493574615367,0.07692307692307693,0.07692307692307693,-2.561028836298167,0.0772252474199772,5,False
27,2,percent,12,2,Danelle Umstead,Artem Chigvintsev,5,0.08663251692311073,-2.4460800497896753,2,False,-2.4849066497880004,0.08333333333333333,0.08333333333333333,-2.4778391820599968,0.08392437510147978,5,False
27,3,percent,11,9,Nancy McKeon,Valentin Chmerkovskiy,4,0.0945584848812611,-2.358536748282019,3,False,-2.3978952727983707,0.09090909090909091,0.09090909090909091,-2.393301640984261,0.09132765442860781,4,False
27,4,percent,10,9,Tinashe,Brandon Armstrong,4,0.10327865396121179,-2.270324565437163,8,False,-2.302585092994046,0.1,0.1,-2.308332844523325,0.0994268735192225,4,False
27,6,percent,9,7,Mary Lou Retton,Sasha Farber,5,0.11627019681649134,-2.1518385135491926,4,False,-2.1972245773362196,0.1111111111111111,0.1111111111111111,-2.194265218277289,0.11144041580941447,5,False
27,7,percent,8,2,DeMarcus Ware,Lindsay Arnold,4,0.13135896261799898,-2.0298215305534244,2,False,-2.0794415416798357,0.125,0.125,-2.0779508259141917,0.1251864784293396,4,False
27,8,percent,6,3,Joe Amabile,Jenna Johnson,1,0.17984075217946682,-1.7156835297929705,2,False,-1.791759469228055,0.16666666666666666,0.16666666666666666,-1.780515649374613,0.1685512115295266,1,False
28,2,rank,12,8,Mary Wilson,Brandon Armstrong,6,0.20582156154818648,-1.580745691642587,2,False,-2.4849066497880004,0.08333333333333333,0.08333333333333333,-1.667703323823556,0.1886799050454026,6,False
28,4,rank,10,6,Lamar Odom,Peta Murgatroyd,6,0.39773137327725877,-0.9219784430876894,1,True,-2.302585092994046,0.1,0.1,-0.9551479554759661,0.3847552137006932,6,True
28,6,rank,9,7,Sailor Brinkley-Cook,Valentin Chmerkovskiy,8,0.0016806671496063174,-6.38856445153451,9,False,-2.1972245773362196,0.1111111111111111,0.1111111111111111,-4.2648848298863635,0.0140534855813772,8,False
28,7,rank,8,3,Karamo Brown,Jenna Johnson,7,0.16481504814686787,-1.8029313541046132,3,False,-2.0794415416798357,0.125,0.125,-1.8941622865782204,0.15044431149192075,7,False
28,8,rank,7,3,Kate Flannery,Pasha Pashkov,6,0.21242241544813656,-1.5491784610577506,2,False,-1.9459101490553132,0.14285714285714285,0.14285714285714285,-1.8852203322535637,0.1517956102757091,6,False
28,9,rank,6,5,Sean Spicer,Lindsay Arnold,5,0.6111203290678765,-0.492461401282303,1,True,-1.791759469228055,0.16666666666666666,0.16666666666666666,-0.9144286374418842,0.40074553168268495,5,True
28,10,rank,5,2,James Van Der Beek,Emma Slater,2,0.641460208208116,-0.44400812614400387,1,True,-1.6094379124341003,0.2,0.2,-0.8646169840654312,0.4212128529695811,2,True
29,2,rank,15,3,Charles Oakley,Emma Slater,3,0.4587675994718661,-0.779211516377865,1,True,-2.70805020110221,0.06666666666666667,0.06666666666666667,-1.147764762336898,0.3173453194053347,3,True
29,3,rank,14,2,Carole Baskin,Pasha Pashkov,2,0.42951367087297393,-0.8451017083252115,1,True,-2.6390573296152584,0.07142857142857142,0.07142857142857142,-0.9643100723800178,0.3812461412664676,2,True
29,4,rank,13,1,Anne Heche,Keo Motsepe,1,0.21169181182263133,-1.5526237798008111,1,True,-2.5649493574615367,0.07692307692307693,0.07692307692307693,-1.5540173380024704,0.21139701241981307,1,True
29,5,rank,12,3,Jesse Metcalfe,Sharna Burgess,1,0.32943158927418137,-1.1103865664007664,1,False,-2.4849066497880004,0.08333333333333333,0.08333333333333333,-1.146507683917557,0.3177444982047985,1,False
29,6,rank,11,10,Veron Davis,Peta Murgatroyd,10,0.3688538443667062,-0.9973547991313643,1,True,-2.3978952727983707,0.09090909090909091,0.09090909090909091,-1.4347813833873628,0.23816742567954985,9,False
29,7,rank,10,2,Jeannie Mai,Brandon Armstrong,6,0.1519530902861393,-1.884183422306302,3,False,-2.302585092994046,0.1,0.1,-1.8969860269704482,0.1500200950332293,6,False
29,8,rank,8,1,Chrishell Stause,Gleb Savchenko,5,0.14985743422608958,-1.8980708753316735,2,False,-2.0794415416798357,0.125,0.125,-2.1285595558115897,0.11900859568745291,5,False
29,9,rank,7,0,AJ McLean,Cheryl Burke,4,0.2610977610136015,-1.3428603785202498,2,False,-1.9459101490553132,0.14285714285714285,0.14285714285714285,-1.4055073394239361,0.24524260364443015,4,False
29,10,rank,6,0,Johnny Weir,Britt Stewart,3,0.2352469616600901,-1.4471194159663003,2,False,-1.791759469228055,0.16666666666666666,0.16666666666666666,-1.6113400017156398,0.19961994370877625,3,False
3,1,percent,11,8,Tucker Carlson,Elena Grinenko,8,0.0956572081828739,-2.3469842259470695,1,True,-2.3978952727983707,0.09090909090909091,0.09090909090909091,-2.3816789208600277,0.09239532278182372,8,True
3,2,percent,10,7,Shanna Moakler,Jesse DeSoto,2,0.10413466130984951,-2.2620703971106253,5,False,-2.302585092994046,0.1,0.1,-2.3005409392571026,0.10020462444435257,2,False
3,3,percent,9,1,Harry Hamlin,Ashly DelGrosso,0,0.11619169321322344,-2.152513924097065,3,False,-2.1972245773362196,0.1111111111111111,0.1111111111111111,-2.1949528531320768,0.11136381183607136,0,False
3,4,percent,8,6,Vivica A. Fox,Nick Kosovich,5,0.13143307101864682,-2.02925752256896,3,False,-2.0794415416798357,0.125,0.125,-2.077670066562892,0.12522163063823968,5,False
3,5,percent,7,5,Sara Evans,Tony Dovolani,1,0.15170733015689292,-1.8858020737100387,1,False,-1.9459101490553132,0.14285714285714285,0.14285714285714285,-1.941054426448362,0.14355250439036576,1,False
3,7,percent,5,1,Jerry Springer,Kym Johnson,1,0.21938117092552134,-1.5169445555826098,1,True,-1.6094379124341003,0.2,0.2,-1.5954241872955564,0.20282247553517133,1,True
3,8,percent,4,3,Monique Coleman,Louis van Amstel,0,0.17248318906012233,-1.7574555019836713,4,False,-1.3862943611198906,0.25,0.25,-1.3830391670136357,0.2508151245010251,3,True
30,2,rank,15,8,Martin Kove,Britt Stewart,8,0.3842317887604899,-0.9565092919338358,1,True,-2.70805020110221,0.06666666666666667,0.06666666666666667,-0.9593159647119496,0.3831548878197001,8,True
30,3,rank,14,2,Christine Chiu,Pasha Pashkov,3,0.022985997503032228,-3.772870052665515,6,False,-2.6390573296152584,0.07142857142857142,0.07142857142857142,-3.795834446174406,0.022464152867238844,3,False
30,4,rank,13,1,Brian Austin Green,Sharna Burgess,1,0.3833739273289425,-0.9587444545198327,1,True,-2.5649493574615367,0.07692307692307693,0.07692307692307693,-0.9702168714143848,0.37900083474285773,1,True
30,5,rank,11,6,Melanie C,Gleb Savchenko,2,0.024024677803800448,-3.728673735087697,5,False,-2.3978952727983707,0.09090909090909091,0.09090909090909091,-3.7744800648574817,0.022949019542279316,2,False
30,6,rank,10,5,Kenya Moore,Brandon Armstrong,5,0.41461637269547685,-0.8804015894189439,1,True,-2.302585092994046,0.1,0.1,-0.9403218483193578,0.3905021326759002,5,True
30,7,rank,9,6,"Mike ""The Miz"" Mizanin",Witney Carson,6,0.463535172782076,-0.7688730116728895,1,True,-2.1972245773362196,0.1111111111111111,0.1111111111111111,-0.9240941068180533,0.39689079693836193,6,True
30,8,rank,8,3,Jimmie Allen,Emma Slater,3,0.4769258163926421,-0.7403943213778996,1,True,-2.0794415416798357,0.125,0.125,-0.9464423375408728,0.3881193678633251,3,True
30,9,rank,6,4,Melora Hardin,Artem Chigvintsev,1,0.2874990973576293,-1.2465355583752977,2,False,-1.791759469228055,0.16666666666666666,0.16666666666666666,-1.3813518318833617,0.2512386909205549,1,False
31,1,rank,16,5,Jason Lewis,Peta Murgatroyd,14,0.2406284153317785,-1.4245013804542044,2,False,-2.772588722239781,0.0625,0.0625,-1.4248105780271185,0.24055402511101426,14,False
31,2,rank,15,11,Teresa Giudice,Pasha Pashkov,1,0.23622152287403061,-1.4429852579729268,2,False,-2.70805020110221,0.06666666666666667,0.06666666666666667,-1.4437633056976438,0.23603780273641486,1,False
31,3,rank,14,1,Cheryl Ladd,Louis van Amstel,12,0.23587155188668746,-1.4444678937926945,2,False,-2.6390573296152584,0.07142857142857142,0.07142857142857142,-1.44570561783995,0.23557978859332346,12,False
31,4,rank,13,7,Sam Champion,Cheryl Burke,7,0.38526931738281445,-0.953812663578745,1,True,-2.5649493574615367,0.07692307692307693,0.07692307692307693,-0.9558132450323082,0.38449932520468016,7,True
31,5,rank,12,6,Joseph Baena,Daniella Karagach,10,0.14748425132962506,-1.9140338795492635,3,False,-2.4849066497880004,0.08333333333333333,0.08333333333333333,-1.9159842124294402,0.14719688826285676,10,False
31,6,rank,10,4,Jessie James Decker,Alan Bersten,8,0.24902927184305768,-1.3901848318241417,2,False,-2.302585092994046,0.1,0.1,-1.3952679901319787,0.24776662845783368,8,False
31,7,rank,9,4,Jordin Sparks,Brandon Armstrong,7,0.24141790015725326,-1.4212258216292906,2,False,-2.1972245773362196,0.1111111111111111,0.1111111111111111,-1.4309573998501328,0.23907991755948052,7,False
31,8,rank,8,3,Heidi D'Amelio,Artem Chigvintsev,6,0.24599148117386557,-1.402458373023915,2,False,-2.0794415416798357,0.125,0.125,-1.4177695940335786,0.24225373895839747,6,False
31,9,rank,6,1,Daniel Durant,Britt Stewart,4,0.26143301134666064,-1.3415771990529608,2,False,-1.791759469228055,0.16666666666666666,0.16666666666666666,-1.3786499763526114,0.2519184194177541,4,False
32,1,rank,14,9,Matt Walsh,Koko Iwasaki,5,0.2511829105006786,-1.3815738781486804,1,False,-2.6390573296152584,0.07142857142857142,0.07142857142857142,-1.3884761043782383,0.24945515875339191,5,False
32,2,rank,13,6,Jamie Lynn Spears,Alan Bersten,9,0.059008937521767106,-2.8300663631290908,5,False,-2.5649493574615367,0.07692307692307693,0.07692307692307693,-2.831675808618521,0.05891404223831363,9,False
32,3,rank,12,10,Tyson Beckford,Jenna Johnson,10,0.38288180750270767,-0.9600289340258943,1,True,-2.4849066497880004,0.08333333333333333,0.08333333333333333,-0.9664315541780848,0.3804381918452101,10,True
32,4,rank,11,0,Adrian Peterson,Britt Stewart,1,0.05900020212882195,-2.8302144091700496,4,False,-2.3978952727983707,0.09090909090909091,0.09090909090909091,-2.8333919686861213,0.05881302301897201,1,False
32,5,rank,10,8,Mira Sorvino,Gleb Savchenko,4,0.15259683047003164,-1.8799559305307625,3,False,-2.302585092994046,0.1,0.1,-1.886292416715837,0.15163295976361335,4,False
32,6,rank,9,7,Mauricio Umansky,Emma Slater,4,0.09308769682106902,-2.3742132535813507,4,False,-2.1972245773362196,0.1111111111111111,0.1111111111111111,-2.381859560381197,0.09237863404232648,4,False
32,7,rank,8,6,Lele Pons,Brandon Armstrong,4,0.03686594028190822,-3.3004671817785005,6,False,-2.0794415416798357,0.125,0.125,-3.3157394185514653,0.03630719243795952,4,False
32,8,rank,7,2,Barry Williams,Peta Murgatroyd,4,0.15643507032463108,-1.855114241195575,3,False,-1.9459101490553132,0.14285714285714285,0.14285714285714285,-1.8852203322535637,0.1517956102757091,4,False
32,9,rank,6,3,Harry Jowsey,Rylee Arnold,3,0.41992853064543684,-0.8676707473143637,1,True,-1.791759469228055,0.16666666666666666,0.16666666666666666,-0.9144286374418842,0.40074553168268495,3,True
33,2,rank,13,0,Anna Delvey,Ezra Sosa,5,0.15100120023032274,-1.8904674936536185,3,False,-2.5649493574615367,0.07692307692307693,0.07692307692307693,-1.8949413711649719,0.15032714829362015,5,False
33,3,rank,11,4,Eric Roberts,Britt Stewart,9,0.2409693256345335,-1.4230856331169655,2,False,-2.3978952727983707,0.09090909090909091,0.09090909090909091,-1.4381329413418031,0.23737052991664825,9,False
33,4,rank,9,0,Brooks Nader,Gleb Savchenko,3,0.13031658844256602,-2.037788493341579,2,False,-2.1972245773362196,0.1111111111111111,0.1111111111111111,-2.2640631972903327,0.10392734837331373,3,False
33,5,rank,8,6,Phaedra Parks,Val Chmerkovskiy,2,0.3606881634620038,-1.0197415070754472,1,False,-2.0794415416798357,0.125,0.125,-1.362785119770777,0.25594694047075955,2,False
33,6,rank,7,4,Jenn Tran,Sasha Farber,3,0.07768463970141455,-2.5550977283917153,4,False,-1.9459101490553132,0.14285714285714285,0.14285714285714285,-2.579183654123365,0.07583588707413587,3,False
33,7,rank,6,2,Dwight HowardÂ ,Daniella Karagach,2,0.4124768252228599,-0.8855752560635439,1,True,-1.791759469228055,0.16666666666666666,0.16666666666666666,-0.9144286374418842,0.40074553168268495,2,True
34,2,rank,14,2,Baron Davis,Britt Stewart,3,0.11862739304435116,-2.131767849068156,3,False,-2.6390573296152584,0.07142857142857142,0.07142857142857142,-2.1439007818475027,0.1171967911069598,3,False
34,3,rank,12,8,Lauren Jauregui,Brandon Armstrong,1,0.314516269073454,-1.1567194742163025,1,False,-2.4849066497880004,0.08333333333333333,0.08333333333333333,-1.1811168804021968,0.3069357365817483,1,False
34,4,rank,11,5,Hilaria Baldwin,Gleb Savchenko,1,0.04049775896658282,-3.2065086405590835,4,False,-2.3978952727983707,0.09090909090909091,0.09090909090909091,-3.317461701112922,0.036244715010903386,1,False
34,6,rank,10,8,Scott Hoying,Rylee Arnold,1,0.2606392469735867,-1.344618023276273,2,False,-2.302585092994046,0.1,0.1,-1.4274093945461868,0.23992968096615974,1,False
34,7,rank,9,5,Jen Affleck,Jan Ravnik,1,0.15958028082831033,-1.8352081553071455,3,False,-2.1972245773362196,0.1111111111111111,0.1111111111111111,-1.9054368344045214,0.14875764596909194,1,False
34,8,rank,8,2,Danielle Fishel,Pasha Pashkov,1,0.27272970776863453,-1.2992740556851263,2,False,-2.0794415416798357,0.125,0.125,-1.4213049529303303,0.2413987972005504,1,False
34,9,rank,7,1,Andy Richter,Emma Slater/Kaitlyn Bristowe (week 9),1,0.5080263363896343,-0.67722198946079,1,True,-1.9459101490553132,0.14285714285714285,0.14285714285714285,-0.9290842510375743,0.3949151880086195,1,True
34,10,rank,6,5,Whitney Leavitt,Mark Ballas,1,0.09855668276683902,-2.3171234367556357,3,False,-1.791759469228055,0.16666666666666666,0.16666666666666666,-2.557411593597098,0.07750509571701207,1,False
4,2,percent,11,9,Paulina Porizkova,Alec Mazo,2,0.09434570385017826,-2.3607895423836407,3,False,-2.3978952727983707,0.09090909090909091,0.09090909090909091,-2.395445928510075,0.0911320314893246,2,False
4,3,percent,10,9,Shandi Finnessey,Brian Fortuna,2,0.10409078713648276,-2.26249180740743,3,False,-2.302585092994046,0.1,0.1,-2.3008602644180076,0.10017263169484525,2,False
4,4,percent,9,8,Leeza Gibbons,Tony Dovolani,2,0.11739258534755442,-2.142231530758496,2,False,-2.1972245773362196,0.1111111111111111,0.1111111111111111,-2.1845372151253932,0.1125297986946822,2,False
4,5,percent,8,2,Clyde Drexler,Elena Grinenko,2,0.13424994636673032,-2.0080519450961827,1,True,-2.0794415416798357,0.125,0.125,-2.0553170488773453,0.12805223032508117,2,True
4,6,percent,7,2,Heather Mills,Jonathan Roberts,5,0.15144474650701573,-1.8875344300800554,3,False,-1.9459101490553132,0.14285714285714285,0.14285714285714285,-1.942368227160066,0.14336402884469404,5,False
4,7,percent,6,4,John Ratzenberger,Edyta Sliwinska,1,0.1795762531686208,-1.7171553525206553,2,False,-1.791759469228055,0.16666666666666666,0.16666666666666666,-1.781860219977043,0.16832473481658528,1,False
4,8,percent,5,1,Billy Ray Cyrus,Karina Smirnoff,1,0.22108379866781805,-1.5092134698423714,1,True,-1.6094379124341003,0.2,0.2,-1.5864953400780082,0.20464155548961244,1,True
4,9,percent,4,1,Ian Ziering,Cheryl Burke,1,0.27675002192847825,-1.2846406281577,1,True,-1.3862943611198906,0.25,0.25,-1.3837964742128817,0.2506252523064252,1,True
5,1,percent,12,6,Josie Maran,Alec Mazo,6,0.08690387930755199,-2.4429526066536402,1,True,-2.4849066497880004,0.08333333333333333,0.08333333333333333,-2.474932776953827,0.08416864814005842,6,True
5,2,percent,11,0,Albert Reed,Anna Trebunskaya,10,0.0942273364706943,-2.3620449434190003,3,False,-2.3978952727983707,0.09090909090909091,0.09090909090909091,-2.396648917691414,0.09102246655729683,10,False
5,3,percent,10,9,Wayne Newton,Cheryl Burke,9,0.10511752936362147,-2.252676227531726,1,True,-2.302585092994046,0.1,0.1,-2.2909063637752793,0.10117471918360535,9,True
5,4,percent,9,1,Floyd Mayweather Jr. ,Karina Smirnoff,6,0.11663867190486157,-2.1486743970618054,2,False,-2.1972245773362196,0.1111111111111111,0.1111111111111111,-2.191159477316704,0.11178705888662775,6,False
5,5,percent,8,5,Mark Cuban,Kym Johnson,4,0.1323533564911914,-2.0222799899113646,1,False,-2.0794415416798357,0.125,0.125,-2.070236656046501,0.12615592261012282,4,False
5,6,percent,7,6,Sabrina Bryan,Mark Ballas,2,0.0941953631930333,-2.3623843216152043,7,False,-1.9459101490553132,0.14285714285714285,0.14285714285714285,-1.9440532215099897,0.1431226646718491,2,False
5,7,percent,6,2,Jane Seymour,Tony Dovolani,2,0.17835822585155056,-1.723961246280908,1,True,-1.791759469228055,0.16666666666666666,0.16666666666666666,-1.7887238275371342,0.16717337565283327,2,True
5,8,percent,5,0,Cameron Mathison,Edyta Sliwinska,3,0.2168410973690787,-1.5285904638710273,3,False,-1.6094379124341003,0.2,0.2,-1.6065723733878916,0.20057392972553453,3,False
5,9,percent,4,1,Jennie Garth,Derek Hough,2,0.2762358928923685,-1.286500093907075,2,False,-1.3862943611198906,0.25,0.25,-1.385287481510396,0.2502518466707354,2,False
6,2,percent,12,7,Monica Seles,Jonathan Roberts,7,0.08703703279534102,-2.4414215865826425,1,True,-2.4849066497880004,0.08333333333333333,0.08333333333333333,-2.473103129834864,0.08432278803243991,7,True
6,3,percent,10,9,Steve Guttenberg,Anna Trebunskaya,5,0.10432547179079647,-2.260239730197023,2,False,-2.302585092994046,0.1,0.1,-2.2988573909845584,0.10037346585318847,5,False
6,4,percent,9,0,Adam Carolla,Julianne Hough,0,0.11745727420577179,-2.1416806353057467,1,True,-2.1972245773362196,0.1111111111111111,0.1111111111111111,-2.184610503965093,0.11252155181850991,0,True
6,5,percent,8,6,Priscilla Presley,Louis van Amstel,6,0.13226143389193196,-2.02297475533112,1,True,-2.0794415416798357,0.125,0.125,-2.0710001972128995,0.12605963413461044,6,True
6,6,percent,7,5,Marlee Matlin,Fabian Sanchez,5,0.15282736015930315,-1.878446359644618,1,True,-1.9459101490553132,0.14285714285714285,0.14285714285714285,-1.9335259886217135,0.1446373088121994,5,True
6,7,percent,6,5,Shannon Elizabeth,Derek Hough,0,0.17799758242478092,-1.7259853106655398,2,False,-1.791759469228055,0.16666666666666666,0.16666666666666666,-1.7910024171185257,0.16679288979096765,0,False
6,8,percent,5,3,Mario,Karina Smirnoff,4,0.13478718536410877,-2.00405814908728,5,False,-1.6094379124341003,0.2,0.2,-1.6087372055247524,0.2001401904923569,4,False
6,9,percent,4,3,Marissa Jaret Winokur,Tony Dovolani,3,0.27777000362134013,-1.2809618328168821,1,True,-1.3862943611198906,0.25,0.25,-1.3798407604948981,0.25161861749387565,3,True
7,1,percent,13,3,Jeffrey Ross,Edyta Sliwinska,3,0.08032439049932158,-2.521681961941508,1,True,-2.5649493574615367,0.07692307692307693,0.07692307692307693,-2.5510797711665565,0.0779974011711224,3,True
7,2,percent,11,3,Kim Kardashian,Mark Ballas,1,0.09475642724448449,-2.356445603605328,3,False,-2.3978952727983707,0.09090909090909091,0.09090909090909091,-2.3912877067351963,0.09151176765348376,1,False
7,4,percent,9,5,Rocco DiSpirito,Karina Smirnoff,5,0.11720689509178411,-2.1438145717285884,1,True,-2.1972245773362196,0.1111111111111111,0.1111111111111111,-2.1866070299008853,0.1122971237347633,5,True
7,5,percent,8,6,Toni Braxton,Alec Mazo,1,0.13188711560471353,-2.0258089070876855,3,False,-2.0794415416798357,0.125,0.125,-2.0736981550056237,0.12571998894256775,1,False
7,6,percent,7,1,Cloris Leachman,Corky Ballas,1,0.154539464202894,-1.8673057835275264,1,True,-1.9459101490553132,0.14285714285714285,0.14285714285714285,-1.9227011569207741,0.14621148807914966,1,True
7,7,percent,6,4,Susan Lucci,Tony Dovolani,5,0.17822939516791755,-1.7246838215002611,2,False,-1.791759469228055,0.16666666666666666,0.16666666666666666,-1.7901904636981183,0.16692837284385384,5,False
7,8,percent,5,3,Maurice Greene,Cheryl Burke,3,0.21763385389445383,-1.5249411975423675,1,True,-1.6094379124341003,0.2,0.2,-1.6038782754471008,0.20111502408991158,1,False
7,9,percent,4,1,Cody Linley,Julianne Hough,0,0.17376829625027848,-1.7500324979212427,4,False,-1.3862943611198906,0.25,0.25,-1.3763211830695277,0.252505768983194,1,True
8,2,percent,13,0,Belinda Carlisle,Jonathan Roberts,11,0.0795444998260864,-2.5314386676812624,4,False,-2.5649493574615367,0.07692307692307693,0.07692307692307693,-2.5607063322188974,0.0772501568937803,11,False
8,3,percent,12,2,Denise Richards,Maksim Chmerkoskiy,9,0.08683769646283532,-2.4437144605464045,3,False,-2.4849066497880004,0.08333333333333333,0.08333333333333333,-2.475317127091659,0.08413630412465621,9,False
8,4,percent,11,3,Holly Madison,Dmitry Chaplin,8,0.09522564665719745,-2.351505975806214,3,False,-2.3978952727983707,0.09090909090909091,0.09090909090909091,-2.3862077383623785,0.09197782732082513,8,False
8,5,percent,9,1,David Alan Grier,Kym Johnson,7,0.11628999379907813,-2.1516682610001023,4,False,-2.1972245773362196,0.1111111111111111,0.1111111111111111,-2.194243093713607,0.11144288140726583,7,False
8,6,percent,8,6,Steve-O,Lacey Schwimmer,6,0.13358076838900138,-2.0130489774253912,1,True,-2.0794415416798357,0.125,0.125,-2.0610254596942053,0.1273233379761582,6,True
8,7,percent,7,2,Lawrence Taylor,Edyta Sliwinska,2,0.15292807627076183,-1.8777875578501029,1,True,-1.9459101490553132,0.14285714285714285,0.14285714285714285,-1.9329133632228994,0.14472594444864278,2,True
8,8,percent,6,0,Chuck Wicks,Julianne Hough,3,0.1781218970913688,-1.7252871479488787,2,False,-1.791759469228055,0.16666666666666666,0.16666666666666666,-1.7902526174526667,0.16691799794116385,3,False
8,9,percent,5,1,Lil' Kim,Derek Hough,4,0.21677926648602056,-1.5288756482794692,2,False,-1.6094379124341003,0.2,0.2,-1.60697952009938,0.2004922833317947,4,False
8,10,percent,4,3,Ty Murray,Chelsie Hightower,3,0.2800142153605411,-1.2729149079568072,1,True,-1.3862943611198906,0.25,0.25,-1.3717329009904629,0.2536669986653348,3,True
9,1,percent,16,1,Ashley Hamiliton,Edyta Sliwinska,1,0.06463797879187164,-2.7389531339482773,1,True,-2.772588722239781,0.0625,0.0625,-2.7651662768019083,0.06296562875415139,1,True
9,2,percent,14,5,Kathy Ireland,Tony Dovolani,5,0.07374273081240469,-2.6071728538756114,1,True,-2.6390573296152584,0.07142857142857142,0.07142857142857142,-2.634233507945846,0.07177396250196673,5,True
9,3,percent,13,2,Debi Mazar,Maksim Chmerkoskiy,9,0.0796312828499428,-2.5303482627088973,3,False,-2.5649493574615367,0.07692307692307693,0.07692307692307693,-2.559745214585561,0.0773244390729869,9,False
9,4,percent,11,1,Chuck Liddell,Anna Trebunskaya,5,0.0950881138229866,-2.3529513033306735,3,False,-2.3978952727983707,0.09090909090909091,0.09090909090909091,-2.3881413881492937,0.0918001462564639,5,False
9,5,percent,10,9,Natalie Coughlin,Alec Mazo,7,0.10437116856633609,-2.259801804831366,2,False,-2.302585092994046,0.1,0.1,-2.2982879236453946,0.10043064154200909,7,False
9,6,percent,9,4,Louie Vito,Chelsie Hightower,7,0.1169694048718036,-2.145842875202828,3,False,-2.1972245773362196,0.1111111111111111,0.1111111111111111,-2.188353098018755,0.11210121639083796,7,False
9,7,percent,7,4,Mark Dacascos,Lacey Schwimmer,4,0.15242579416167476,-1.8810773970219072,1,True,-1.9459101490553132,0.14285714285714285,0.14285714285714285,-1.9362802333282754,0.14423949036618963,4,True
9,8,percent,5,0,Aaron Carter,Karina Smirnoff,1,0.1353162901934256,-2.000140350510271,5,False,-1.6094379124341003,0.2,0.2,-1.6051158705372497,0.2008662790780944,0,True
9,9,percent,4,1,Joanna Krupa,Derek Hough,0,0.2757143772191776,-1.2883898142555468,2,False,-1.3862943611198906,0.25,0.25,-1.3878002388965078,0.2496238138720994,0,False
